aaron,Concept_male
abad,Concept_male
abbas,Concept_male
abbe,Concept_female
abbess,Concept_female
abbesses,Concept_female
abbey,Concept_female
abbie,Concept_female
abbot,Concept_male
abbots,Concept_male
abbott,Concept_male
abby,Concept_female
abdalla,Concept_male
abdallah,Concept_male
abdel,Concept_male
abdon,Concept_male
abdul,Concept_male
abdullah,Concept_male
abe,Concept_male
abel,Concept_male
abigail,Concept_female
abner,Concept_male
abraham,Concept_male
abram,Concept_male
abu,Concept_male
ada,Concept_female
adah,Concept_female
adalgisa,Concept_female
adaline,Concept_female
adam,Concept_male
adan,Concept_male
adar,Concept_male
addie,Concept_female
adel,Concept_male
adela,Concept_female
adelaide,Concept_female
adele,Concept_female
adelin,Concept_male
adelina,Concept_female
adeline,Concept_female
adella,Concept_female
adelle,Concept_female
aden,Concept_male
adena,Concept_female
adin,Concept_male
aditi,Concept_female
aditya,Concept_male
adnan,Concept_male
adolf,Concept_male
adolfo,Concept_male
adolph,Concept_male
adolphe,Concept_male
adolphus,Concept_male
adonis,Concept_male
adria,Concept_female
adriana,Concept_female
adrienne,Concept_female
aeneas,Concept_male
aga,Concept_female
agata,Concept_female
agatha,Concept_female
agathe,Concept_female
aggie,Concept_female
agna,Concept_female
agnes,Concept_female
agnese,Concept_female
agneta,Concept_female
agni,Concept_female
agrippina,Concept_female
aguinaldo,Concept_male
agustin,Concept_male
ahmad,Concept_male
ahmed,Concept_male
ahmet,Concept_male
aida,Concept_female
aidan,Concept_male
aila,Concept_female
aile,Concept_female
aileen,Concept_female
aili,Concept_female
ailie,Concept_female
aime,Concept_female
aimee,Concept_female
aina,Concept_female
ainsworth,Concept_male
akiba,Concept_male
al,Concept_male
aladdin,Concept_male
alain,Concept_male
alan,Concept_male
alane,Concept_female
alanna,Concept_female
alaric,Concept_male
alban,Concept_male
albano,Concept_male
albert,Concept_male
alberta,Concept_female
albertina,Concept_female
albertine,Concept_female
alberto,Concept_male
albertus,Concept_male
albina,Concept_female
albion,Concept_male
albrecht,Concept_male
alcides,Concept_male
alden,Concept_male
aldis,Concept_male
aldo,Concept_male
aldric,Concept_male
aldrich,Concept_male
aldwin,Concept_male
alec,Concept_male
aleck,Concept_male
alejandra,Concept_female
alejandro,Concept_male
aleksandra,Concept_female
alena,Concept_female
alene,Concept_female
alessandra,Concept_female
alessandro,Concept_male
aleta,Concept_female
alethea,Concept_female
alexa,Concept_female
alexander,Concept_male
alexandra,Concept_female
alexandre,Concept_male
alexandria,Concept_female
alexandrina,Concept_female
alexei,Concept_male
alexia,Concept_female
alexina,Concept_female
alf,Concept_male
alfonso,Concept_male
alfonzo,Concept_male
alford,Concept_male
alfred,Concept_male
alfreda,Concept_female
alfredo,Concept_male
alger,Concept_male
alia,Concept_female
alica,Concept_female
alice,Concept_female
alicia,Concept_female
alida,Concept_female
alima,Concept_female
aline,Concept_female
alisa,Concept_female
alison,Concept_female
alister,Concept_male
alix,Concept_female
aliza,Concept_female
alla,Concept_female
allan,Concept_male
allen,Concept_male
allene,Concept_female
alli,Concept_female
allie,Concept_female
allison,Concept_female
allyn,Concept_female
alma,Concept_female
almeda,Concept_female
almira,Concept_female
alonso,Concept_male
alonzo,Concept_male
aloysia,Concept_female
aloysius,Concept_male
alphonse,Concept_male
alphonso,Concept_male
alston,Concept_male
alta,Concept_female
althea,Concept_female
alton,Concept_male
alvin,Concept_male
alvina,Concept_female
alvira,Concept_female
alwin,Concept_male
alyce,Concept_female
alyosha,Concept_male
alys,Concept_female
alyse,Concept_female
amabel,Concept_female
amadeus,Concept_male
amalia,Concept_female
amalie,Concept_female
amanda,Concept_female
amara,Concept_female
amata,Concept_female
amaury,Concept_male
amber,Concept_female
amberly,Concept_female
ambrogio,Concept_male
ambros,Concept_male
ambrose,Concept_male
ambrosia,Concept_female
ambrosio,Concept_male
ambrosius,Concept_male
ame,Concept_male
ameer,Concept_male
amelia,Concept_female
amelie,Concept_female
amer,Concept_male
america,Concept_female
amery,Concept_male
amie,Concept_female
amin,Concept_male
amina,Concept_female
amir,Concept_male
ammon,Concept_male
amneris,Concept_male
amnon,Concept_male
amon,Concept_male
amory,Concept_male
amos,Concept_male
amra,Concept_female
amrei,Concept_female
amy,Concept_female
ana,Concept_female
anabel,Concept_female
anan,Concept_male
ananda,Concept_male
anastacia,Concept_female
anastasia,Concept_female
anastasie,Concept_female
anatol,Concept_male
anatole,Concept_male
ande,Concept_female
anders,Concept_male
anderson,Concept_male
andi,Concept_male
andie,Concept_female
andor,Concept_male
andra,Concept_female
andre,Concept_male
andrea,Concept_female
andreana,Concept_female
andreas,Concept_male
andree,Concept_male
andrei,Concept_male
andrej,Concept_male
andres,Concept_male
andrew,Concept_male
andrey,Concept_male
andri,Concept_male
andria,Concept_female
andrus,Concept_male
andy,Concept_male
anet,Concept_female
anette,Concept_female
angela,Concept_female
angeles,Concept_female
angelia,Concept_female
angelica,Concept_female
angelico,Concept_male
angelina,Concept_female
angeline,Concept_female
angelique,Concept_female
angelita,Concept_female
angelle,Concept_female
angelo,Concept_male
angie,Concept_female
angus,Concept_male
ania,Concept_female
anita,Concept_female
anitra,Concept_female
anja,Concept_female
ann,Concept_female
anna,Concept_female
annabel,Concept_female
annabella,Concept_female
annabelle,Concept_female
annamaria,Concept_female
anne,Concept_female
anneke,Concept_female
annelise,Concept_female
annett,Concept_female
annetta,Concept_female
annette,Concept_female
anni,Concept_female
annice,Concept_female
annie,Concept_female
anny,Concept_female
ansel,Concept_male
anselm,Concept_male
anselma,Concept_female
ansley,Concept_female
anson,Concept_male
antanas,Concept_male
anthea,Concept_female
anthony,Concept_male
antigone,Concept_female
antoine,Concept_male
antoinette,Concept_female
anton,Concept_male
antone,Concept_male
antonetta,Concept_female
antoni,Concept_male
antonia,Concept_female
antonin,Concept_male
antonina,Concept_female
antonino,Concept_male
antonio,Concept_male
antonius,Concept_male
antony,Concept_male
anu,Concept_female
apollo,Concept_male
apostolica,Concept_female
apostolos,Concept_male
aquilina,Concept_female
arabella,Concept_female
arabelle,Concept_female
aram,Concept_male
aramis,Concept_male
ararat,Concept_male
arba,Concept_female
arcadia,Concept_female
archibald,Concept_male
archie,Concept_male
ardath,Concept_female
ardelia,Concept_female
ardella,Concept_female
arden,Concept_male
ardis,Concept_female
ares,Concept_male
aretha,Concept_female
argentina,Concept_female
ari,Concept_male
ariana,Concept_female
arielle,Concept_female
arion,Concept_male
aristide,Concept_male
arlen,Concept_male
arlette,Concept_female
arline,Concept_female
arlo,Concept_male
arly,Concept_male
armand,Concept_male
armida,Concept_female
armond,Concept_male
armstrong,Concept_male
arndt,Concept_male
arne,Concept_male
arnfinn,Concept_male
arnold,Concept_male
arnoldo,Concept_male
arnon,Concept_male
arnulf,Concept_male
aron,Concept_male
arron,Concept_male
art,Concept_male
artemis,Concept_female
arthur,Concept_male
artie,Concept_female
artur,Concept_male
arturo,Concept_male
arvid,Concept_male
arvin,Concept_male
asa,Concept_male
asaph,Concept_male
ascanio,Concept_male
asher,Concept_male
ashleigh,Concept_female
ashley,Concept_female
ashly,Concept_female
ashton,Concept_female
asia,Concept_female
aspasia,Concept_female
assad,Concept_male
assis,Concept_male
assunta,Concept_female
astra,Concept_female
astrea,Concept_female
astrid,Concept_female
athena,Concept_female
athos,Concept_male
atossa,Concept_female
attila,Concept_male
aubert,Concept_male
aubry,Concept_male
audra,Concept_female
audrey,Concept_female
augusta,Concept_female
augustin,Concept_male
augustina,Concept_female
augusto,Concept_male
augustus,Concept_male
aunt,Concept_female
auntie,Concept_female
aunties,Concept_female
aura,Concept_female
aurea,Concept_female
aurel,Concept_male
aurelia,Concept_female
aurelie,Concept_female
aurelius,Concept_male
aurora,Concept_female
aurore,Concept_female
austen,Concept_male
austin,Concept_male
ava,Concept_female
ave,Concept_female
aveline,Concept_female
averell,Concept_male
avi,Concept_male
avis,Concept_female
aviva,Concept_female
avram,Concept_male
avril,Concept_female
axel,Concept_male
ayesha,Concept_female
aymer,Concept_male
ayn,Concept_female
ayoub,Concept_male
aziz,Concept_male
azucena,Concept_female
baba,Concept_male
babet,Concept_female
babette,Concept_female
babs,Concept_female
baccio,Concept_male
bachelorette,Concept_female
bahman,Concept_male
bailey,Concept_female
baird,Concept_male
bakr,Concept_male
baldassare,Concept_male
balfour,Concept_male
balthasar,Concept_male
bara,Concept_female
barak,Concept_male
barb,Concept_female
barbara,Concept_female
barbi,Concept_female
barbie,Concept_female
barbra,Concept_female
barclay,Concept_male
barnabas,Concept_male
barnaby,Concept_male
barney,Concept_male
baron,Concept_male
baroness,Concept_female
baronesses,Concept_female
barons,Concept_male
barrett,Concept_male
barri,Concept_male
barrie,Concept_female
barris,Concept_male
barron,Concept_male
barry,Concept_male
bart,Concept_male
bartel,Concept_male
barthel,Concept_male
bartholomew,Concept_male
bartley,Concept_male
bartolo,Concept_male
bartolomeo,Concept_male
barton,Concept_male
baruch,Concept_male
basel,Concept_male
basil,Concept_male
battista,Concept_male
bautista,Concept_male
baxter,Concept_male
bayan,Concept_female
bea,Concept_female
beatrice,Concept_female
beatrix,Concept_female
beatriz,Concept_female
beau,Concept_male
becca,Concept_female
beckie,Concept_female
becky,Concept_female
begum,Concept_female
belia,Concept_female
belinda,Concept_female
bell,Concept_female
bella,Concept_female
belle,Concept_female
belva,Concept_female
ben,Concept_male
benedetta,Concept_female
benedetto,Concept_male
benedict,Concept_male
benedicta,Concept_female
benedicto,Concept_male
benet,Concept_male
bengt,Concept_male
beni,Concept_male
benicia,Concept_female
benito,Concept_male
benjamin,Concept_male
benji,Concept_male
bennet,Concept_male
bennett,Concept_male
benni,Concept_male
benny,Concept_male
benton,Concept_male
beppo,Concept_male
berenice,Concept_female
berk,Concept_male
berke,Concept_male
berna,Concept_female
bernadette,Concept_female
bernadine,Concept_female
bernard,Concept_male
bernardina,Concept_female
bernardine,Concept_female
bernardino,Concept_male
bernardo,Concept_male
bernd,Concept_male
bernhard,Concept_male
berni,Concept_male
bernice,Concept_female
bernie,Concept_male
bernward,Concept_male
berny,Concept_male
bert,Concept_male
berta,Concept_female
bertel,Concept_male
bertha,Concept_female
berthe,Concept_female
bertie,Concept_female
bertin,Concept_male
bertram,Concept_male
bertrand,Concept_male
berty,Concept_male
beryl,Concept_female
bess,Concept_female
bessie,Concept_female
bessy,Concept_female
beth,Concept_female
bethany,Concept_female
bethel,Concept_female
betsey,Concept_female
betsy,Concept_female
betta,Concept_female
bette,Concept_female
betti,Concept_female
bettie,Concept_female
bettina,Concept_female
bettine,Concept_female
betty,Concept_female
beulah,Concept_female
bev,Concept_female
beverly,Concept_female
bianca,Concept_female
bill,Concept_male
birdie,Concept_female
birgitta,Concept_female
bishop,Concept_male
bishops,Concept_male
bjarne,Concept_male
bjorn,Concept_male
blaine,Concept_male
blaire,Concept_male
blaise,Concept_male
blanca,Concept_female
blanch,Concept_female
blanche,Concept_female
blandina,Concept_female
blondell,Concept_female
blythe,Concept_female
bo,Concept_male
boaz,Concept_male
bob,Concept_male
bogdan,Concept_male
bona,Concept_female
bonita,Concept_female
bonne,Concept_male
bonnie,Concept_female
bonny,Concept_female
booker,Concept_male
borghild,Concept_female
boris,Concept_male
bowen,Concept_male
bowie,Concept_male
boy,Concept_male
boyce,Concept_male
boyd,Concept_male
boyfriend,Concept_male
boyfriends,Concept_male
boyhood,Concept_male
boyhoods,Concept_male
boyish,Concept_male
boyishly,Concept_male
boyishness,Concept_male
boys,Concept_male
brad,Concept_male
braden,Concept_male
bradford,Concept_male
bradley,Concept_male
bradly,Concept_male
brady,Concept_male
braga,Concept_female
brande,Concept_female
brandi,Concept_female
brandon,Concept_male
brandy,Concept_female
brant,Concept_male
braxton,Concept_male
breda,Concept_female
bree,Concept_female
brenda,Concept_female
brendan,Concept_male
brenna,Concept_female
brent,Concept_male
bret,Concept_male
brett,Concept_male
bria,Concept_female
brian,Concept_male
briana,Concept_female
brice,Concept_male
bridget,Concept_female
bridgett,Concept_female
brigid,Concept_female
brigida,Concept_female
brigit,Concept_female
brigitta,Concept_female
brigitte,Concept_female
brina,Concept_female
brit,Concept_female
brita,Concept_female
britney,Concept_female
brittany,Concept_female
brock,Concept_male
broderick,Concept_male
brodie,Concept_male
brody,Concept_male
bronson,Concept_male
brook,Concept_female
brooke,Concept_female
brooklyn,Concept_female
brother,Concept_male
bruce,Concept_male
brun,Concept_male
brunhilda,Concept_female
brunhilde,Concept_female
bruno,Concept_male
brutus,Concept_male
bryan,Concept_male
bryant,Concept_male
bryce,Concept_male
brynn,Concept_female
bryon,Concept_male
buck,Concept_male
bud,Concept_male
buddy,Concept_male
buffy,Concept_female
buford,Concept_male
bunny,Concept_female
burckhardt,Concept_male
burl,Concept_male
burma,Concept_female
burt,Concept_male
burton,Concept_male
buster,Concept_male
butch,Concept_male
byron,Concept_male
cadi,Concept_female
cain,Concept_male
cal,Concept_male
calder,Concept_male
caleb,Concept_male
calli,Concept_female
callie,Concept_female
callisto,Concept_male
calvin,Concept_male
camden,Concept_male
camellia,Concept_female
cami,Concept_female
camilla,Concept_female
camille,Concept_female
camillo,Concept_male
campbell,Concept_male
candace,Concept_female
candi,Concept_female
candida,Concept_female
candie,Concept_female
candy,Concept_female
caprice,Concept_female
cara,Concept_female
cardinal,Concept_male
cardinals,Concept_male
caren,Concept_female
cari,Concept_female
carie,Concept_female
carin,Concept_female
carina,Concept_female
carine,Concept_female
carita,Concept_female
carla,Concept_female
carlee,Concept_female
carleton,Concept_male
carley,Concept_female
carli,Concept_female
carlin,Concept_male
carlina,Concept_female
carline,Concept_female
carlo,Concept_male
carlos,Concept_male
carlota,Concept_female
carlotta,Concept_female
carlton,Concept_male
carly,Concept_female
carlyle,Concept_male
carmela,Concept_female
carmelita,Concept_female
carmelo,Concept_male
carmen,Concept_female
carmina,Concept_female
carmine,Concept_male
carmon,Concept_female
carol,Concept_female
carola,Concept_female
carole,Concept_female
carolin,Concept_female
carolina,Concept_female
caroline,Concept_female
carolyn,Concept_female
caron,Concept_female
carr,Concept_male
carri,Concept_female
carrick,Concept_male
carrie,Concept_female
carry,Concept_female
carson,Concept_male
carsten,Concept_male
carter,Concept_male
caryl,Concept_female
cas,Concept_male
casandra,Concept_female
casimir,Concept_male
caspar,Concept_male
casper,Concept_male
cassandra,Concept_female
cassandre,Concept_female
cassi,Concept_female
cassia,Concept_female
cassidy,Concept_female
cassie,Concept_female
cassio,Concept_male
cassy,Concept_female
catarina,Concept_female
cate,Concept_female
caterina,Concept_female
catharina,Concept_female
catharine,Concept_female
catherin,Concept_female
catherina,Concept_female
catherine,Concept_female
cathleen,Concept_female
cathrine,Concept_female
cathy,Concept_female
cati,Concept_female
catina,Concept_female
cato,Concept_male
catriona,Concept_female
caty,Concept_female
cecchino,Concept_male
cecelia,Concept_female
cecil,Concept_male
cecile,Concept_female
cecilia,Concept_female
cecily,Concept_female
cedric,Concept_male
celesta,Concept_female
celeste,Concept_female
celestina,Concept_female
celestine,Concept_female
celia,Concept_female
celina,Concept_female
celinda,Concept_female
celine,Concept_female
cesar,Concept_male
chad,Concept_male
chadd,Concept_male
chadwick,Concept_male
chaim,Concept_male
chalmers,Concept_male
chan,Concept_female
chance,Concept_male
chanda,Concept_female
chandra,Concept_female
channa,Concept_female
channing,Concept_male
chantal,Concept_female
chantelle,Concept_female
charita,Concept_female
charity,Concept_female
charla,Concept_female
charlemagne,Concept_male
charlene,Concept_female
charles,Concept_male
charley,Concept_male
charlie,Concept_male
charlot,Concept_male
charlott,Concept_female
charlotta,Concept_female
charlotte,Concept_female
charon,Concept_female
chas,Concept_male
chase,Concept_male
chastity,Concept_female
chauncey,Concept_male
chelsea,Concept_female
chelsey,Concept_female
cheney,Concept_male
cher,Concept_female
chere,Concept_female
cheri,Concept_female
cherie,Concept_female
cherri,Concept_female
cherry,Concept_female
chery,Concept_female
cheryl,Concept_female
chester,Concept_male
chet,Concept_male
cheyenne,Concept_female
chia,Concept_female
china,Concept_female
ching,Concept_female
chip,Concept_male
chiquita,Concept_female
chloe,Concept_female
chris,Concept_male
chrissie,Concept_female
chrissy,Concept_female
christ,Concept_male
christa,Concept_female
christabelle,Concept_female
christal,Concept_female
christel,Concept_female
christi,Concept_female
christiana,Concept_female
christiane,Concept_female
christiano,Concept_male
christie,Concept_female
christin,Concept_female
christina,Concept_female
christine,Concept_female
christl,Concept_female
christofer,Concept_male
christoph,Concept_male
christophe,Concept_male
christopher,Concept_male
christos,Concept_male
chrysa,Concept_female
chrystal,Concept_female
chuck,Concept_male
chun,Concept_female
cicely,Concept_female
cinda,Concept_female
cinderella,Concept_female
cindy,Concept_female
cirino,Concept_male
cissy,Concept_female
clair,Concept_female
claire,Concept_female
clancy,Concept_male
clara,Concept_female
clare,Concept_female
clarence,Concept_male
claribel,Concept_female
clarice,Concept_female
clarinda,Concept_female
clarissa,Concept_female
clarisse,Concept_female
clarita,Concept_female
clark,Concept_male
clarke,Concept_male
claud,Concept_male
claude,Concept_male
claudia,Concept_female
claudie,Concept_female
claudina,Concept_female
claudine,Concept_female
claudio,Concept_male
claudius,Concept_male
claus,Concept_male
clay,Concept_male
clayton,Concept_male
clem,Concept_male
clemens,Concept_male
clement,Concept_male
clemente,Concept_male
clementina,Concept_female
clementine,Concept_female
cleon,Concept_male
cleopatra,Concept_female
cleveland,Concept_male
cliff,Concept_male
clifford,Concept_male
clifton,Concept_male
clint,Concept_male
clinton,Concept_male
clio,Concept_female
clito,Concept_male
clive,Concept_male
clo,Concept_female
clorinda,Concept_female
clotilda,Concept_female
clotilde,Concept_female
clovis,Concept_male
cluny,Concept_male
clyde,Concept_male
colbert,Concept_male
cole,Concept_male
coleman,Concept_male
colette,Concept_female
colin,Concept_male
colleen,Concept_female
collette,Concept_female
collin,Concept_male
colman,Concept_male
colombo,Concept_male
colton,Concept_male
columbus,Concept_male
conan,Concept_male
concepcion,Concept_female
conchita,Concept_female
congressman,Concept_male
congressmen,Concept_male
congresswoman,Concept_female
congresswomen,Concept_female
conner,Concept_male
connor,Concept_male
conrad,Concept_male
conroy,Concept_male
constance,Concept_female
constancia,Concept_female
constantin,Concept_male
constantina,Concept_female
constantine,Concept_female
consuelo,Concept_female
conway,Concept_male
cooper,Concept_male
cora,Concept_female
coralie,Concept_female
coraline,Concept_female
corbin,Concept_male
cordelia,Concept_female
cordula,Concept_female
cori,Concept_female
corie,Concept_female
corine,Concept_female
corinna,Concept_female
corinne,Concept_female
corliss,Concept_female
corneille,Concept_male
cornelia,Concept_female
cornelius,Concept_male
cornell,Concept_male
corrie,Concept_female
corrine,Concept_female
corrinne,Concept_female
corry,Concept_female
cortez,Concept_male
corwin,Concept_male
cosette,Concept_female
cosimo,Concept_male
cosmo,Concept_male
count,Concept_male
countess,Concept_female
courtney,Concept_female
cowan,Concept_male
craig,Concept_male
crawford,Concept_male
creighton,Concept_male
crissie,Concept_female
crissy,Concept_female
crista,Concept_female
cristal,Concept_female
cristen,Concept_female
cristi,Concept_female
cristina,Concept_female
cristoforo,Concept_male
crystal,Concept_female
cunningham,Concept_male
curt,Concept_male
cuthbert,Concept_male
cy,Concept_male
cyme,Concept_female
cynthia,Concept_female
cyr,Concept_male
cyril,Concept_male
cyrill,Concept_male
cyrus,Concept_male
dacia,Concept_female
dagmar,Concept_female
dahlia,Concept_female
daisey,Concept_female
daisy,Concept_female
dakota,Concept_female
dalia,Concept_female
dalila,Concept_female
dalton,Concept_male
damaris,Concept_female
dame,Concept_female
damian,Concept_male
damien,Concept_male
damon,Concept_male
dan,Concept_male
dane,Concept_male
dania,Concept_female
danica,Concept_female
daniel,Concept_male
daniela,Concept_female
daniele,Concept_female
daniella,Concept_female
daniels,Concept_male
danna,Concept_female
danni,Concept_male
danny,Concept_male
dante,Concept_male
daphna,Concept_female
daphne,Concept_female
dara,Concept_female
darby,Concept_female
darcey,Concept_female
darcy,Concept_female
dardan,Concept_male
darell,Concept_male
daren,Concept_male
daria,Concept_female
darien,Concept_male
dario,Concept_male
darius,Concept_male
darleen,Concept_female
darrel,Concept_male
darrell,Concept_male
darren,Concept_male
darwin,Concept_male
darya,Concept_female
daughter,Concept_female
daughtered,Concept_female
daughterly,Concept_female
daughters,Concept_female
dave,Concept_male
davey,Concept_male
david,Concept_male
davida,Concept_female
davidson,Concept_male
davin,Concept_male
davis,Concept_male
davon,Concept_male
davy,Concept_male
dawn,Concept_female
dawson,Concept_male
dayton,Concept_male
dea,Concept_female
deane,Concept_female
deb,Concept_female
debbi,Concept_female
debbie,Concept_female
debby,Concept_female
debi,Concept_female
debora,Concept_female
deborah,Concept_female
debra,Concept_female
deirdre,Concept_female
dela,Concept_female
delaney,Concept_female
delano,Concept_male
delbert,Concept_male
delfina,Concept_female
delia,Concept_female
delila,Concept_female
delilah,Concept_female
della,Concept_female
delmar,Concept_male
delora,Concept_female
delphina,Concept_female
delphine,Concept_female
demeter,Concept_male
demetra,Concept_female
demetria,Concept_female
demetrius,Concept_male
demi,Concept_female
dena,Concept_female
denice,Concept_female
denis,Concept_male
denise,Concept_female
denna,Concept_female
dennie,Concept_male
dennis,Concept_male
denny,Concept_male
denys,Concept_male
denyse,Concept_female
derek,Concept_male
derick,Concept_male
derk,Concept_male
dermot,Concept_male
derrick,Concept_male
derry,Concept_male
dervish,Concept_male
des,Concept_male
desdemona,Concept_female
desiree,Concept_female
desmond,Concept_male
despoina,Concept_female
deva,Concept_female
devi,Concept_female
devora,Concept_female
dewey,Concept_male
dewitt,Concept_male
dexter,Concept_male
diamond,Concept_female
diana,Concept_female
diane,Concept_female
dianna,Concept_female
dianne,Concept_female
dick,Concept_male
diego,Concept_male
dieter,Concept_male
dietrich,Concept_male
dillon,Concept_male
dimitri,Concept_male
dimitris,Concept_male
dina,Concept_female
dinah,Concept_female
dino,Concept_male
diomede,Concept_male
dione,Concept_female
dionne,Concept_female
dionysia,Concept_female
dionysius,Concept_male
diotima,Concept_female
dirk,Concept_male
dita,Concept_female
dixie,Concept_female
dixon,Concept_male
dmitri,Concept_male
dode,Concept_male
dolan,Concept_male
dollie,Concept_female
dolly,Concept_female
dolores,Concept_female
dolph,Concept_male
domenic,Concept_male
domenico,Concept_male
domingo,Concept_male
dominic,Concept_male
dominica,Concept_female
dominick,Concept_male
don,Concept_male
dona,Concept_female
donal,Concept_male
donald,Concept_male
donat,Concept_male
donia,Concept_female
donn,Concept_male
donna,Concept_female
donnell,Concept_male
donny,Concept_male
donovan,Concept_male
dora,Concept_female
dorcas,Concept_female
dore,Concept_female
doreen,Concept_female
dorette,Concept_female
doria,Concept_female
dorine,Concept_female
doris,Concept_female
doro,Concept_male
dorotea,Concept_female
dorothea,Concept_female
dorothee,Concept_female
dorothy,Concept_female
dorrie,Concept_female
dorsey,Concept_male
dorthe,Concept_female
dorthy,Concept_female
dory,Concept_female
dot,Concept_female
dottie,Concept_female
dotty,Concept_female
doug,Concept_male
douglas,Concept_male
douglass,Concept_male
dov,Concept_male
doyle,Concept_male
drake,Concept_male
drew,Concept_male
dru,Concept_male
drummond,Concept_male
drusilla,Concept_female
duane,Concept_male
duchess,Concept_female
duchesses,Concept_female
dudley,Concept_male
duffy,Concept_male
dugan,Concept_male
duke,Concept_male
dulce,Concept_female
dulcie,Concept_female
duncan,Concept_male
durante,Concept_male
durward,Concept_male
dustin,Concept_male
dwight,Concept_male
dwyane,Concept_male
dyan,Concept_female
earl,Concept_male
earle,Concept_male
earless,Concept_female
easter,Concept_female
easton,Concept_male
ebba,Concept_female
ebenezer,Concept_male
eberhard,Concept_male
ebony,Concept_female
ed,Concept_male
eda,Concept_female
eddy,Concept_male
eden,Concept_female
edgar,Concept_male
edgardo,Concept_male
edi,Concept_male
edie,Concept_female
edin,Concept_male
edison,Concept_male
edita,Concept_female
edith,Concept_female
editha,Concept_female
edmond,Concept_male
edmund,Concept_male
edmunds,Concept_male
edna,Concept_female
edouard,Concept_male
edson,Concept_male
eduard,Concept_male
eduardo,Concept_male
edward,Concept_male
edwin,Concept_male
edwina,Concept_female
edythe,Concept_female
effie,Concept_female
egbert,Concept_male
eglantine,Concept_female
ehud,Concept_male
eileen,Concept_female
ekaterina,Concept_female
elaine,Concept_female
elba,Concept_female
elbert,Concept_male
eldad,Concept_male
elden,Concept_male
eldon,Concept_male
eldred,Concept_male
eldridge,Concept_male
eleanor,Concept_female
eleanora,Concept_female
eleanore,Concept_female
elektra,Concept_female
elena,Concept_female
elene,Concept_female
eleni,Concept_female
eleonora,Concept_female
eleonore,Concept_female
elfie,Concept_female
elfreda,Concept_female
elfrida,Concept_female
elfride,Concept_female
elga,Concept_female
elias,Concept_male
elie,Concept_male
eliezer,Concept_male
elihu,Concept_male
elijah,Concept_male
elimelech,Concept_male
elinor,Concept_female
elinore,Concept_female
eliot,Concept_male
elis,Concept_male
elisa,Concept_female
elisabet,Concept_female
elisabeth,Concept_female
elisabetta,Concept_female
elise,Concept_female
eliseu,Concept_male
elissa,Concept_female
eliza,Concept_female
elizabet,Concept_female
elizabeth,Concept_female
elka,Concept_female
ella,Concept_female
elle,Concept_female
ellen,Concept_female
elli,Concept_female
ellice,Concept_female
ellie,Concept_female
elling,Concept_male
elliot,Concept_male
elliott,Concept_male
ellsworth,Concept_male
ellwood,Concept_male
elly,Concept_female
elmet,Concept_male
elmira,Concept_female
elmore,Concept_male
elnora,Concept_female
eloi,Concept_male
eloisa,Concept_female
eloise,Concept_female
elon,Concept_male
elroy,Concept_male
elsa,Concept_female
elsi,Concept_female
elsie,Concept_female
elspeth,Concept_female
elsy,Concept_female
elton,Concept_male
elva,Concept_female
elvin,Concept_male
elvina,Concept_female
elvira,Concept_female
elvis,Concept_male
elwin,Concept_male
elwood,Concept_male
elwyn,Concept_male
elyse,Concept_female
ema,Concept_female
emanuel,Concept_male
emelia,Concept_female
emeline,Concept_female
emerson,Concept_male
emery,Concept_male
emil,Concept_male
emile,Concept_male
emilia,Concept_female
emilie,Concept_female
emilio,Concept_male
emily,Concept_female
emma,Concept_female
emmaline,Concept_female
emmanuel,Concept_male
emmeline,Concept_female
emmet,Concept_male
emmett,Concept_male
emmi,Concept_female
emmie,Concept_female
emmit,Concept_male
emmy,Concept_female
emory,Concept_male
emperess,Concept_female
emperor,Concept_male
ender,Concept_male
engelbert,Concept_male
engracia,Concept_female
enoch,Concept_male
enos,Concept_male
enrichetta,Concept_female
enrico,Concept_male
enrique,Concept_male
enver,Concept_male
ephraim,Concept_male
ephrem,Concept_male
eran,Concept_male
erasmo,Concept_male
erasmus,Concept_male
ercole,Concept_male
erda,Concept_female
erhard,Concept_male
erhart,Concept_male
erica,Concept_female
erich,Concept_male
erick,Concept_male
ericka,Concept_female
erik,Concept_male
erika,Concept_female
erinn,Concept_female
erma,Concept_female
ermes,Concept_male
ermina,Concept_female
erminia,Concept_female
erna,Concept_female
ernani,Concept_male
ernest,Concept_male
ernesta,Concept_female
ernestine,Concept_female
ernesto,Concept_male
ernie,Concept_male
ernst,Concept_male
eros,Concept_male
errol,Concept_male
erskine,Concept_male
ervin,Concept_male
erwin,Concept_male
esaias,Concept_male
esme,Concept_female
esmeralda,Concept_female
essie,Concept_female
esta,Concept_female
esteban,Concept_male
estel,Concept_female
estella,Concept_female
estelle,Concept_female
ester,Concept_female
esther,Concept_female
estrella,Concept_female
ethan,Concept_male
ethel,Concept_female
ethelyn,Concept_female
ethyl,Concept_female
etienne,Concept_male
etta,Concept_female
ettie,Concept_female
etty,Concept_female
eugen,Concept_male
eugene,Concept_male
eugenia,Concept_female
eugenius,Concept_male
eula,Concept_female
eulalie,Concept_female
eulogia,Concept_female
eunice,Concept_female
euphemia,Concept_female
euphrasie,Concept_female
eurydice,Concept_female
eustache,Concept_male
eustaquia,Concept_female
eva,Concept_female
evaleen,Concept_female
evalyn,Concept_female
evan,Concept_male
evander,Concept_male
evangelia,Concept_female
evangelina,Concept_female
evangeline,Concept_female
eve,Concept_female
eveleen,Concept_female
evelina,Concept_female
eveline,Concept_female
evelyn,Concept_female
everett,Concept_male
everhard,Concept_male
evie,Concept_female
evita,Concept_female
ewan,Concept_male
ezechiel,Concept_male
ezekiel,Concept_male
ezra,Concept_male
fabian,Concept_male
fabio,Concept_male
fabrice,Concept_male
fae,Concept_female
faina,Concept_female
faith,Concept_female
falk,Concept_male
fallon,Concept_female
fanchon,Concept_female
fannie,Concept_female
fanny,Concept_female
fantine,Concept_female
farah,Concept_female
farquhar,Concept_male
farrah,Concept_female
father,Concept_male
fathered,Concept_male
fatherhood,Concept_male
fatherhoods,Concept_male
fathering,Concept_male
fatherinlaw,Concept_male
fatherland,Concept_male
fatherlands,Concept_male
fatherless,Concept_male
fatherly,Concept_male
fathers,Concept_male
fatima,Concept_female
faustina,Concept_female
faustine,Concept_female
faye,Concept_female
federico,Concept_male
federigo,Concept_male
fedora,Concept_female
felicia,Concept_female
felicity,Concept_female
felipe,Concept_male
felix,Concept_male
female,Concept_female
females,Concept_female
fenella,Concept_female
fenwick,Concept_male
feodora,Concept_female
ferd,Concept_male
ferdinand,Concept_male
ferdinanda,Concept_female
ferdy,Concept_male
fergus,Concept_male
ferguson,Concept_male
fern,Concept_female
fernanda,Concept_female
fernande,Concept_female
fernandina,Concept_female
fernando,Concept_male
ferne,Concept_female
ferrante,Concept_male
ferrol,Concept_male
festus,Concept_male
fidel,Concept_male
fidelia,Concept_female
filip,Concept_male
filipe,Concept_male
filippa,Concept_female
filippo,Concept_male
fina,Concept_female
finley,Concept_male
finn,Concept_male
fiona,Concept_female
fiore,Concept_male
firmin,Concept_male
firouz,Concept_male
firth,Concept_male
flavia,Concept_female
flavius,Concept_male
flemming,Concept_male
fletcher,Concept_male
fleur,Concept_female
fleurette,Concept_female
flo,Concept_female
flor,Concept_female
flore,Concept_female
florence,Concept_female
florencia,Concept_female
florentia,Concept_female
florentius,Concept_male
florenza,Concept_female
florette,Concept_female
florian,Concept_male
floriana,Concept_female
florida,Concept_female
florina,Concept_female
florinda,Concept_female
florio,Concept_male
floris,Concept_male
florrie,Concept_female
florry,Concept_male
flossie,Concept_female
floyd,Concept_male
flynn,Concept_male
fonda,Concept_female
fons,Concept_male
forbes,Concept_male
forrest,Concept_male
fortuna,Concept_female
fortunat,Concept_male
fotis,Concept_male
francesca,Concept_female
francesco,Concept_male
francia,Concept_female
francie,Concept_female
francine,Concept_female
francisca,Concept_female
francisco,Concept_male
franciscus,Concept_male
franco,Concept_male
francoise,Concept_female
frank,Concept_male
franklin,Concept_male
franklyn,Concept_male
franky,Concept_male
frans,Concept_male
frantz,Concept_male
franz,Concept_male
fraser,Concept_male
frazer,Concept_male
fred,Concept_male
freda,Concept_female
freddie,Concept_male
freddy,Concept_male
frederic,Concept_male
frederica,Concept_female
frederick,Concept_male
fredericka,Concept_female
frederico,Concept_male
frederik,Concept_male
fredrick,Concept_male
fredrika,Concept_female
freeman,Concept_male
freya,Concept_female
frida,Concept_female
frieda,Concept_female
friederike,Concept_female
friedrich,Concept_male
fritz,Concept_male
fulvia,Concept_female
fyodor,Concept_male
gabe,Concept_male
gabi,Concept_female
gabie,Concept_female
gabriela,Concept_female
gabriele,Concept_female
gabriella,Concept_female
gabrielle,Concept_female
gabriello,Concept_male
gaby,Concept_female
gael,Concept_male
gal,Concept_female
galeazzo,Concept_male
galen,Concept_male
galiano,Concept_male
galileo,Concept_male
gallus,Concept_male
gareth,Concept_male
garfield,Concept_male
garland,Concept_male
garnet,Concept_female
garnett,Concept_female
garret,Concept_male
garrett,Concept_male
garrick,Concept_male
garry,Concept_male
garth,Concept_male
garvin,Concept_male
gaspar,Concept_male
gaspard,Concept_male
gaspare,Concept_male
gasper,Concept_male
gaston,Concept_male
gaultier,Concept_male
gauthier,Concept_male
gautier,Concept_male
gavin,Concept_male
gavriel,Concept_male
gayla,Concept_female
gayle,Concept_female
gaylord,Concept_male
geary,Concept_male
geeta,Concept_female
gen,Concept_male
geneva,Concept_female
genevieve,Concept_female
genna,Concept_female
genoveva,Concept_female
gentleman,Concept_male
gentlemanly,Concept_male
gentlemans,Concept_male
gentlemen,Concept_male
gentlewoman,Concept_female
gentlewomen,Concept_female
geo,Concept_male
geoff,Concept_male
geoffrey,Concept_male
geoffroy,Concept_male
geordie,Concept_male
georg,Concept_male
george,Concept_male
georges,Concept_male
georgette,Concept_female
georgia,Concept_female
georgiana,Concept_female
georgianna,Concept_female
georgie,Concept_female
georgina,Concept_female
georgine,Concept_female
georgios,Concept_male
georgy,Concept_male
gerald,Concept_male
geraldine,Concept_female
geraldo,Concept_male
gerard,Concept_male
gerda,Concept_female
gerhard,Concept_male
gerhardt,Concept_male
germain,Concept_male
germaine,Concept_female
germana,Concept_female
gerold,Concept_male
gerrard,Concept_male
gerri,Concept_female
gerrit,Concept_male
gershon,Concept_male
gertie,Concept_female
gertrud,Concept_female
gertrude,Concept_female
gertrudis,Concept_female
gerty,Concept_female
gervais,Concept_male
ghassan,Concept_male
giacinta,Concept_female
giacomo,Concept_male
gian,Concept_male
gianfrancesco,Concept_male
gianina,Concept_female
gideon,Concept_male
gifford,Concept_male
gil,Concept_male
gila,Concept_female
gilbert,Concept_male
gilberta,Concept_female
gilberte,Concept_female
gilberto,Concept_male
gilda,Concept_female
giles,Concept_male
gilles,Concept_male
gillian,Concept_female
gillis,Concept_male
gilman,Concept_male
gina,Concept_female
ginevra,Concept_female
ginger,Concept_female
ginny,Concept_female
gino,Concept_male
giordano,Concept_male
giorgi,Concept_male
giorgio,Concept_male
giotto,Concept_male
giovan,Concept_male
giovanna,Concept_female
giovanni,Concept_male
girl,Concept_female
girlfriend,Concept_female
girlfriends,Concept_female
girlhood,Concept_female
girlhoods,Concept_female
girlie,Concept_female
girlies,Concept_female
girlish,Concept_female
girlishly,Concept_female
girlishness,Concept_female
girls,Concept_female
girolamo,Concept_male
gisela,Concept_female
gisele,Concept_female
gisella,Concept_female
giselle,Concept_female
gita,Concept_female
giuliano,Concept_male
giulio,Concept_male
giuseppe,Concept_male
gladys,Concept_female
glen,Concept_male
glenda,Concept_female
glendower,Concept_male
glenn,Concept_male
glenna,Concept_female
glennie,Concept_female
glinda,Concept_female
gloria,Concept_female
gloriana,Concept_female
god,Concept_male
goddess,Concept_female
goddesses,Concept_female
godfrey,Concept_male
godwin,Concept_male
golda,Concept_female
goldie,Concept_female
golo,Concept_male
gonzalo,Concept_male
gopal,Concept_male
gordan,Concept_male
gordon,Concept_male
goswin,Concept_male
gotthold,Concept_male
governess,Concept_female
grace,Concept_female
gracia,Concept_female
gracie,Concept_female
graciosa,Concept_female
grady,Concept_male
graeme,Concept_male
graham,Concept_male
grahame,Concept_male
graig,Concept_male
grandad,Concept_male
grandads,Concept_male
grandam,Concept_female
grandame,Concept_female
grandames,Concept_female
grandams,Concept_female
grandaunt,Concept_female
grandaunts,Concept_female
granddad,Concept_male
granddaddy,Concept_male
granddads,Concept_male
grandfather,Concept_male
grandmama,Concept_female
grandmamma,Concept_female
grandmas,Concept_female
grandmother,Concept_female
grandnephew,Concept_male
grandniece,Concept_female
grandpa,Concept_male
grandpapa,Concept_male
grandpapas,Concept_male
grandpas,Concept_male
grandsire,Concept_male
grandsires,Concept_male
grandson,Concept_male
grandsons,Concept_male
granduncle,Concept_male
granduncles,Concept_male
granville,Concept_male
grayson,Concept_male
grazia,Concept_female
greg,Concept_male
gregg,Concept_male
greggory,Concept_male
gregor,Concept_male
gregoria,Concept_female
gregorio,Concept_male
gregory,Concept_male
greta,Concept_female
gretchen,Concept_female
grete,Concept_female
gretel,Concept_female
gretta,Concept_female
greyson,Concept_male
griffin,Concept_male
griffith,Concept_male
griselda,Concept_female
grover,Concept_male
guenevere,Concept_female
guglielmo,Concept_male
guido,Concept_male
guillaume,Concept_male
guillemette,Concept_female
guillermo,Concept_male
guinevere,Concept_female
gula,Concept_female
gunilla,Concept_female
gunn,Concept_female
gunter,Concept_male
gunther,Concept_male
gunvor,Concept_female
gurn,Concept_female
gus,Concept_male
gussie,Concept_female
gusta,Concept_female
gustaf,Concept_male
gustav,Concept_male
gustave,Concept_male
gustavo,Concept_male
guy,Concept_male
gwen,Concept_female
gwendolen,Concept_female
gwendolin,Concept_female
gwendolyn,Concept_female
gweneth,Concept_female
gwennie,Concept_female
gwyn,Concept_female
gwyneth,Concept_female
gwynne,Concept_female
hadda,Concept_female
hadley,Concept_female
hadrian,Concept_male
hagar,Concept_female
hagen,Concept_male
haifa,Concept_female
hailey,Concept_female
hainer,Concept_male
hakeem,Concept_male
hakim,Concept_male
hal,Concept_male
hale,Concept_female
haley,Concept_female
halfdan,Concept_male
hali,Concept_female
halid,Concept_male
halie,Concept_female
halley,Concept_female
hallie,Concept_female
halvard,Concept_male
halvor,Concept_male
hamid,Concept_male
hamilton,Concept_male
hamish,Concept_male
hamlet,Concept_male
hana,Concept_female
handmaid,Concept_female
handmaiden,Concept_female
handmaidens,Concept_female
handmaids,Concept_female
hank,Concept_male
hanna,Concept_female
hannah,Concept_female
hannes,Concept_male
hanni,Concept_female
hannibal,Concept_male
hanno,Concept_male
hans,Concept_male
harald,Concept_male
harbert,Concept_male
harding,Concept_male
hari,Concept_male
harlan,Concept_male
harland,Concept_male
harley,Concept_male
harmon,Concept_male
harmonie,Concept_female
harold,Concept_male
haroun,Concept_male
harrell,Concept_male
harri,Concept_male
harrie,Concept_male
harriet,Concept_female
harriett,Concept_female
harriette,Concept_female
harris,Concept_male
harrison,Concept_male
harry,Concept_male
hartman,Concept_male
hartmann,Concept_male
harun,Concept_male
harvey,Concept_male
hasan,Concept_male
hashim,Concept_male
haskell,Concept_male
hassan,Concept_male
hattie,Concept_female
hayden,Concept_male
haydn,Concept_male
haye,Concept_male
hayley,Concept_female
hayward,Concept_male
haywood,Concept_male
hazar,Concept_male
hazel,Concept_female
he,Concept_male
heath,Concept_male
heather,Concept_female
heber,Concept_male
hector,Concept_male
hedda,Concept_female
hedvig,Concept_female
hedwig,Concept_female
hedy,Concept_female
heide,Concept_female
heidi,Concept_female
heine,Concept_male
heinrich,Concept_male
heinz,Concept_male
helaine,Concept_female
helen,Concept_female
helena,Concept_female
helene,Concept_female
helga,Concept_female
helge,Concept_male
helli,Concept_female
helmut,Concept_male
helmuth,Concept_male
heloise,Concept_female
henderson,Concept_male
hendrick,Concept_male
hendrik,Concept_male
henny,Concept_female
henri,Concept_male
henrie,Concept_male
henrietta,Concept_female
henriette,Concept_female
henrik,Concept_male
henrique,Concept_male
henry,Concept_male
her,Concept_female
hera,Concept_female
herb,Concept_male
herbert,Concept_male
herman,Concept_male
hermann,Concept_male
hermes,Concept_male
hermine,Concept_female
herminia,Concept_female
hernando,Concept_male
herold,Concept_male
herrmann,Concept_male
hers,Concept_female
herschel,Concept_male
herta,Concept_female
hertha,Concept_female
hester,Concept_female
hetti,Concept_female
hettie,Concept_female
hetty,Concept_female
hezekiah,Concept_male
hilary,Concept_female
hilbert,Concept_male
hilda,Concept_female
hilde,Concept_female
hildebert,Concept_male
hildebrand,Concept_male
hildegarde,Concept_female
hillard,Concept_male
hillary,Concept_female
hillel,Concept_male
hilma,Concept_female
hilton,Concept_male
him,Concept_male
hinda,Concept_female
hippolyte,Concept_male
hippolytus,Concept_male
hiram,Concept_male
his,Concept_male
hisham,Concept_male
hobart,Concept_male
holden,Concept_male
holle,Concept_female
holley,Concept_female
hollie,Concept_female
holly,Concept_female
holm,Concept_male
homer,Concept_male
honoria,Concept_female
honorius,Concept_male
horace,Concept_male
horacio,Concept_male
horatio,Concept_male
horst,Concept_male
hortense,Concept_female
hortensia,Concept_female
hortensio,Concept_male
hosea,Concept_male
hotze,Concept_male
houssain,Concept_male
houston,Concept_male
howard,Concept_male
howell,Concept_male
howie,Concept_male
hoyt,Concept_male
hripsime,Concept_female
hubert,Concept_male
hudson,Concept_male
huey,Concept_male
hugh,Concept_male
hugo,Concept_male
hulda,Concept_female
humbert,Concept_male
hume,Concept_male
humphrey,Concept_male
husain,Concept_male
husband,Concept_male
husbandable,Concept_male
husbandage,Concept_male
husbanded,Concept_male
husbanding,Concept_male
husbandless,Concept_male
husbandly,Concept_male
husbandman,Concept_male
husbandmen,Concept_male
husbands,Concept_male
husein,Concept_male
hussein,Concept_male
hyacinth,Concept_female
hyman,Concept_male
ia,Concept_female
iago,Concept_male
ian,Concept_male
ibrahim,Concept_male
ida,Concept_female
idalia,Concept_female
iddo,Concept_male
ignacia,Concept_female
ignacio,Concept_male
ignatius,Concept_male
ignaz,Concept_male
ignazia,Concept_female
igor,Concept_male
ike,Concept_male
ilana,Concept_female
ileana,Concept_female
ilka,Concept_female
illa,Concept_female
ilona,Concept_female
ilse,Concept_female
immanuel,Concept_male
imogen,Concept_female
imogene,Concept_female
ina,Concept_female
inayat,Concept_male
india,Concept_female
ines,Concept_female
inez,Concept_female
inga,Concept_female
ingeborg,Concept_female
inger,Concept_female
ingmar,Concept_male
ingram,Concept_male
ingrid,Concept_female
inna,Concept_female
iona,Concept_female
irena,Concept_female
irene,Concept_female
irina,Concept_female
iris,Concept_female
irma,Concept_female
irvin,Concept_male
irvine,Concept_male
irving,Concept_male
irwin,Concept_male
isaac,Concept_male
isaak,Concept_male
isabeau,Concept_female
isabel,Concept_female
isabella,Concept_female
isabelle,Concept_female
isadora,Concept_female
isadore,Concept_male
isaiah,Concept_male
isidor,Concept_male
isidora,Concept_female
isidore,Concept_male
isis,Concept_female
islam,Concept_male
ismail,Concept_male
ismene,Concept_female
isobel,Concept_female
isolda,Concept_female
isoline,Concept_female
israel,Concept_male
issachar,Concept_male
italia,Concept_female
ittai,Concept_male
ivan,Concept_male
ivar,Concept_male
ives,Concept_male
ivo,Concept_male
ivy,Concept_female
izaak,Concept_male
izak,Concept_male
jabez,Concept_male
jacinta,Concept_female
jacinthe,Concept_female
jacinto,Concept_male
jack,Concept_male
jackson,Concept_male
jacky,Concept_male
jacob,Concept_male
jacoba,Concept_female
jacoby,Concept_male
jacopo,Concept_male
jacquelin,Concept_female
jacqueline,Concept_female
jacques,Concept_male
jacquetta,Concept_female
jada,Concept_female
jade,Concept_female
jadvyga,Concept_female
jair,Concept_male
jake,Concept_male
jakob,Concept_male
jamaal,Concept_male
james,Concept_male
jamesina,Concept_female
jameson,Concept_male
jamieson,Concept_male
jamin,Concept_male
jan,Concept_female
jana,Concept_female
janet,Concept_female
janetta,Concept_female
janette,Concept_female
janey,Concept_female
janice,Concept_female
janie,Concept_female
janina,Concept_female
janno,Concept_male
janus,Concept_male
jared,Concept_male
jarrett,Concept_male
jarvis,Concept_male
jas,Concept_male
jasmine,Concept_female
jason,Concept_male
jasper,Concept_male
javier,Concept_male
jayme,Concept_female
jayne,Concept_female
jean,Concept_female
jeane,Concept_female
jeanette,Concept_female
jeanie,Concept_female
jeanne,Concept_female
jeannette,Concept_female
jeannie,Concept_female
jeannine,Concept_female
jeb,Concept_male
jed,Concept_male
jedediah,Concept_male
jeeves,Concept_male
jef,Concept_male
jeff,Concept_male
jefferson,Concept_male
jeffery,Concept_male
jeffrey,Concept_male
jeffry,Concept_male
jehan,Concept_male
jehuda,Concept_male
jena,Concept_female
jenette,Concept_female
jenifer,Concept_female
jenn,Concept_female
jenna,Concept_female
jennet,Concept_female
jennette,Concept_female
jennie,Concept_female
jennifer,Concept_female
jenny,Concept_female
jens,Concept_male
jere,Concept_male
jeremiah,Concept_male
jeremias,Concept_male
jeremie,Concept_male
jeremy,Concept_male
jeri,Concept_female
jerold,Concept_male
jerome,Concept_male
jerrold,Concept_male
jerzy,Concept_male
jess,Concept_male
jessica,Concept_female
jesus,Concept_male
jill,Concept_female
jillian,Concept_female
jilly,Concept_female
jim,Concept_male
jimmie,Concept_male
jimmy,Concept_male
jinny,Concept_female
joachim,Concept_male
joacim,Concept_male
joan,Concept_female
joana,Concept_female
joane,Concept_female
joann,Concept_female
joanna,Concept_female
joanne,Concept_female
joannes,Concept_male
joaquim,Concept_male
joaquin,Concept_male
job,Concept_male
joceline,Concept_female
jocelyn,Concept_female
jock,Concept_male
joe,Concept_male
joel,Concept_male
johan,Concept_male
johann,Concept_male
johanna,Concept_female
johannes,Concept_male
john,Concept_male
johnathan,Concept_male
johnnie,Concept_male
johnny,Concept_male
johnson,Concept_male
johnston,Concept_male
johny,Concept_male
joice,Concept_female
jolie,Concept_female
joline,Concept_female
jon,Concept_male
jonah,Concept_male
jonas,Concept_male
jonathan,Concept_male
jonathon,Concept_male
jones,Concept_male
jonny,Concept_male
joram,Concept_male
jordana,Concept_female
jordon,Concept_male
jordy,Concept_male
jorge,Concept_male
jory,Concept_male
jose,Concept_male
josef,Concept_male
josefa,Concept_female
joselyn,Concept_female
joseph,Concept_male
josepha,Concept_female
josephina,Concept_female
josephine,Concept_female
josephus,Concept_male
josh,Concept_male
joshua,Concept_male
josi,Concept_female
josiah,Concept_male
joslyn,Concept_female
josselyn,Concept_male
josy,Concept_female
joya,Concept_female
joyce,Concept_female
joye,Concept_female
juan,Concept_male
juana,Concept_female
juanita,Concept_female
judah,Concept_male
judd,Concept_male
jude,Concept_female
judi,Concept_female
judie,Concept_female
judith,Concept_female
judson,Concept_male
judy,Concept_female
juke,Concept_female
jule,Concept_female
jules,Concept_male
julia,Concept_female
juliana,Concept_female
juliane,Concept_female
julianne,Concept_female
julie,Concept_female
julien,Concept_male
julienne,Concept_female
juliet,Concept_female
julietta,Concept_female
juliette,Concept_female
julio,Concept_male
julita,Concept_female
julius,Concept_male
jung,Concept_female
junie,Concept_female
juno,Concept_female
jurgen,Concept_male
jurgis,Concept_male
justin,Concept_male
justina,Concept_female
justine,Concept_female
justus,Concept_male
juvenal,Concept_male
kaia,Concept_female
kaja,Concept_female
kala,Concept_female
kaleb,Concept_male
kali,Concept_female
kalle,Concept_male
kama,Concept_female
kandy,Concept_female
kane,Concept_male
kant,Concept_male
kanya,Concept_female
kara,Concept_female
kareem,Concept_male
karel,Concept_male
karen,Concept_female
karim,Concept_male
karin,Concept_female
karina,Concept_female
karita,Concept_female
karla,Concept_female
karlo,Concept_male
karna,Concept_female
karole,Concept_female
karolina,Concept_female
karoline,Concept_female
karry,Concept_female
karsten,Concept_male
kaspar,Concept_male
kasper,Concept_male
kassandra,Concept_female
kassie,Concept_female
kat,Concept_female
kata,Concept_female
katalin,Concept_female
kate,Concept_female
katerina,Concept_female
katerine,Concept_female
kath,Concept_female
katharina,Concept_female
katharine,Concept_female
katherine,Concept_female
katheryn,Concept_female
kathi,Concept_female
kathie,Concept_female
kathleen,Concept_female
kathrine,Concept_female
kathryn,Concept_female
kati,Concept_female
katie,Concept_female
katinka,Concept_female
katrina,Concept_female
katrine,Concept_female
kattie,Concept_female
katy,Concept_female
kavan,Concept_male
kaye,Concept_female
kayley,Concept_female
keeley,Concept_female
keely,Concept_female
keenan,Concept_male
keir,Concept_male
keith,Concept_male
kellen,Concept_male
kelsey,Concept_female
kelvin,Concept_male
ken,Concept_male
kendal,Concept_female
kendrick,Concept_male
kenn,Concept_male
kenna,Concept_female
kennedy,Concept_male
kenneth,Concept_male
kenny,Concept_male
kenton,Concept_male
kenyon,Concept_male
keren,Concept_female
keri,Concept_female
kermit,Concept_male
kerri,Concept_female
kevin,Concept_male
khalid,Concept_male
ki,Concept_male
kia,Concept_female
kiel,Concept_male
kiki,Concept_female
kiley,Concept_female
killian,Concept_male
kimber,Concept_female
kimberley,Concept_female
kimberly,Concept_female
king,Concept_male
kingdom,Concept_male
kingdomless,Concept_male
kingdoms,Concept_male
kinghood,Concept_male
kinghoods,Concept_male
kinging,Concept_male
kingless,Concept_male
kinglet,Concept_male
kinglets,Concept_male
kinglier,Concept_male
kingliest,Concept_male
kinglihood,Concept_male
kinglike,Concept_male
kinglily,Concept_male
kingliness,Concept_male
kingling,Concept_male
kingly,Concept_male
kings,Concept_male
kingsley,Concept_male
kip,Concept_male
kipp,Concept_male
kira,Concept_female
kirk,Concept_male
kirsten,Concept_female
kirstie,Concept_female
kirstin,Concept_female
kit,Concept_female
kitti,Concept_female
kittie,Concept_female
kitty,Concept_female
klaus,Concept_male
kleber,Concept_male
koen,Concept_male
kofi,Concept_male
koldo,Concept_male
konrad,Concept_male
konstantin,Concept_male
kora,Concept_female
kori,Concept_female
kory,Concept_male
kotrina,Concept_female
krishna,Concept_female
kristal,Concept_female
kristina,Concept_female
kristy,Concept_female
krystal,Concept_female
kurt,Concept_male
kurtis,Concept_male
kyle,Concept_male
kylie,Concept_female
kym,Concept_female
la,Concept_female
lacey,Concept_female
lacie,Concept_female
lacy,Concept_female
lad,Concept_male
laddie,Concept_male
ladies,Concept_female
lads,Concept_male
lady,Concept_female
ladyhood,Concept_female
ladylike,Concept_female
ladylove,Concept_female
ladyloves,Concept_female
ladyship,Concept_female
ladyships,Concept_female
laetitia,Concept_female
lafayette,Concept_male
lage,Concept_male
laila,Concept_female
laina,Concept_female
laird,Concept_male
lakshmi,Concept_female
lama,Concept_female
laman,Concept_female
lamar,Concept_male
lambert,Concept_male
lamont,Concept_male
lana,Concept_female
lancelot,Concept_male
landa,Concept_female
laney,Concept_female
lang,Concept_female
langdon,Concept_male
lani,Concept_female
lanie,Concept_female
lanny,Concept_male
lara,Concept_female
lari,Concept_male
larisa,Concept_female
larissa,Concept_female
larry,Concept_male
lars,Concept_male
lass,Concept_female
lasses,Concept_female
latia,Concept_female
latrina,Concept_female
launa,Concept_female
laur,Concept_male
laura,Concept_female
laurance,Concept_male
laure,Concept_female
laurel,Concept_female
lauren,Concept_female
laurence,Concept_male
laurens,Concept_male
laurent,Concept_male
lauretta,Concept_female
laurette,Concept_female
lauri,Concept_female
laurie,Concept_female
laverna,Concept_female
lavina,Concept_female
lavinia,Concept_female
lawerence,Concept_male
lawrence,Concept_male
lawson,Concept_male
layton,Concept_male
lazar,Concept_male
lazare,Concept_male
lazaro,Concept_male
lea,Concept_female
leah,Concept_female
leander,Concept_male
leandra,Concept_female
lear,Concept_male
leda,Concept_female
leia,Concept_female
leibel,Concept_male
leif,Concept_male
leighton,Concept_male
leila,Concept_female
leith,Concept_male
lela,Concept_female
leland,Concept_male
lelia,Concept_female
lemuel,Concept_male
lena,Concept_female
lenard,Concept_male
lenka,Concept_female
lenna,Concept_female
lennox,Concept_male
lenny,Concept_male
lenora,Concept_female
lenore,Concept_female
lenz,Concept_male
leo,Concept_male
leon,Concept_male
leona,Concept_female
leonard,Concept_male
leonardo,Concept_male
leonhard,Concept_male
leonid,Concept_male
leonidas,Concept_male
leonie,Concept_female
leonilda,Concept_female
leonora,Concept_female
leonore,Concept_female
leontine,Concept_female
leopold,Concept_male
leroy,Concept_male
les,Concept_male
lesly,Concept_female
leticia,Concept_female
letitia,Concept_female
lettie,Concept_female
letty,Concept_female
leuthold,Concept_male
lev,Concept_male
levi,Concept_male
levin,Concept_male
lew,Concept_male
lex,Concept_male
liam,Concept_male
lian,Concept_female
liana,Concept_female
liane,Concept_female
libbie,Concept_female
libby,Concept_female
lida,Concept_female
liddy,Concept_female
lidia,Concept_female
lil,Concept_female
lila,Concept_female
lilas,Concept_female
lili,Concept_female
lilia,Concept_female
lilian,Concept_female
lilias,Concept_female
lilith,Concept_female
lilla,Concept_female
lille,Concept_female
lilli,Concept_female
lillian,Concept_female
lillie,Concept_female
lilly,Concept_female
lily,Concept_female
lima,Concept_female
lin,Concept_female
lina,Concept_female
lincoln,Concept_male
lind,Concept_female
linda,Concept_female
lindley,Concept_male
lindsay,Concept_female
lindsey,Concept_female
lindy,Concept_female
linette,Concept_female
ling,Concept_female
linn,Concept_female
linnea,Concept_female
linnie,Concept_female
linus,Concept_male
linwood,Concept_male
lionel,Concept_male
lionello,Concept_male
lisa,Concept_female
lisabeth,Concept_female
lisbeth,Concept_female
lise,Concept_female
lisetta,Concept_female
lisette,Concept_female
lissa,Concept_female
lita,Concept_female
livia,Concept_female
livingstone,Concept_male
livius,Concept_male
liz,Concept_female
liza,Concept_female
lizabeth,Concept_female
lizaveta,Concept_female
lizbeth,Concept_female
lizette,Concept_female
lizzie,Concept_female
lizzy,Concept_female
llewellyn,Concept_male
lloyd,Concept_male
lodovico,Concept_male
logan,Concept_male
loise,Concept_female
lokman,Concept_male
lola,Concept_female
lolita,Concept_female
lon,Concept_male
lona,Concept_female
longinus,Concept_male
lora,Concept_female
loraine,Concept_female
lord,Concept_male
lording,Concept_male
lordings,Concept_male
lordless,Concept_male
lordlier,Concept_male
lordliest,Concept_male
lordlike,Concept_male
lordliness,Concept_male
lordling,Concept_male
lordlings,Concept_male
lordly,Concept_male
lords,Concept_male
lorelei,Concept_female
loren,Concept_female
lorena,Concept_female
lorentz,Concept_male
lorenz,Concept_male
lorenza,Concept_female
lorenzo,Concept_male
loreto,Concept_male
loretta,Concept_female
lorette,Concept_female
lori,Concept_female
loria,Concept_female
lorna,Concept_female
lorraine,Concept_female
lorrie,Concept_female
lorris,Concept_male
lory,Concept_female
lothar,Concept_male
lotta,Concept_female
lotte,Concept_female
lotti,Concept_female
lottie,Concept_female
lotty,Concept_female
louisa,Concept_female
louise,Concept_female
lovel,Concept_male
lowe,Concept_male
lowell,Concept_male
luana,Concept_female
lucas,Concept_male
luce,Concept_female
lucetta,Concept_female
luci,Concept_female
lucia,Concept_female
lucian,Concept_male
luciano,Concept_male
lucie,Concept_female
lucien,Concept_male
lucienne,Concept_female
lucille,Concept_female
lucina,Concept_female
lucinda,Concept_female
lucio,Concept_male
lucius,Concept_male
lucretia,Concept_female
lucrezia,Concept_female
lucy,Concept_female
ludmilla,Concept_female
ludvig,Concept_male
ludwig,Concept_male
luella,Concept_female
luigi,Concept_male
luisa,Concept_female
luise,Concept_female
lukas,Concept_male
luke,Concept_male
lula,Concept_female
luna,Concept_female
lura,Concept_female
lurline,Concept_female
lusa,Concept_female
luther,Concept_male
lyall,Concept_male
lyda,Concept_female
lydia,Concept_female
lydie,Concept_female
lyle,Concept_male
lyly,Concept_male
lyman,Concept_male
lyn,Concept_female
lyndon,Concept_male
lyndsay,Concept_female
lynette,Concept_female
lynne,Concept_female
lynsey,Concept_female
mabel,Concept_female
mabelle,Concept_female
mable,Concept_female
mac,Concept_male
mack,Concept_male
mackenzie,Concept_female
madalena,Concept_female
madam,Concept_female
madame,Concept_female
madames,Concept_female
madams,Concept_female
maddalena,Concept_female
maddie,Concept_female
maddox,Concept_male
maddy,Concept_female
madelaine,Concept_female
madeleine,Concept_female
madelene,Concept_female
madeline,Concept_female
madelon,Concept_female
madge,Concept_female
madison,Concept_female
madonna,Concept_female
mae,Concept_female
maffeo,Concept_male
magda,Concept_female
magdalen,Concept_female
magdalena,Concept_female
magdalene,Concept_female
maggie,Concept_female
maggy,Concept_female
magna,Concept_female
magnolia,Concept_female
magnus,Concept_male
maha,Concept_female
mahdi,Concept_male
mahin,Concept_female
mahmoud,Concept_male
mahmud,Concept_male
maia,Concept_female
maid,Concept_female
maide,Concept_female
maiden,Concept_female
maidenhead,Concept_female
maidenheads,Concept_female
maidenhood,Concept_female
maidenhoods,Concept_female
maidenism,Concept_female
maidenlier,Concept_female
maidenliest,Concept_female
maidenlike,Concept_female
maidenly,Concept_female
maidens,Concept_female
maidenship,Concept_female
maidhood,Concept_female
maidish,Concept_female
maidisher,Concept_female
maidishest,Concept_female
maidishness,Concept_female
maidmarian,Concept_female
maids,Concept_female
maidservant,Concept_female
mair,Concept_female
maire,Concept_female
maisie,Concept_female
makin,Concept_male
mala,Concept_female
malachi,Concept_male
malay,Concept_male
malcolm,Concept_male
male,Concept_male
malena,Concept_female
males,Concept_male
mali,Concept_female
malia,Concept_female
malie,Concept_female
malik,Concept_male
malina,Concept_female
malinda,Concept_female
malissa,Concept_female
malka,Concept_female
mallory,Concept_female
malorie,Concept_female
malva,Concept_female
malvern,Concept_male
malvina,Concept_female
mamie,Concept_female
mamun,Concept_male
man,Concept_male
manda,Concept_female
mandi,Concept_female
mandy,Concept_female
manfred,Concept_male
manfredo,Concept_male
manhood,Concept_male
manhoods,Concept_male
manila,Concept_female
manish,Concept_male
manlier,Concept_male
manliest,Concept_male
manlike,Concept_male
manliness,Concept_male
manlinesses,Concept_male
manly,Concept_male
manned,Concept_male
mannish,Concept_male
mannisher,Concept_male
mannishest,Concept_male
mannishly,Concept_male
mannishness,Concept_male
manon,Concept_female
manrico,Concept_male
manservant,Concept_male
manti,Concept_female
manu,Concept_male
manuel,Concept_male
manya,Concept_female
maple,Concept_female
marat,Concept_male
marc,Concept_male
marcel,Concept_male
marcela,Concept_female
marcella,Concept_female
marcelle,Concept_female
marcellina,Concept_female
marcelline,Concept_female
marcello,Concept_male
marcellus,Concept_male
marcelo,Concept_male
marci,Concept_female
marcia,Concept_female
marcie,Concept_female
marco,Concept_male
marcos,Concept_male
marcus,Concept_male
marcy,Concept_female
maren,Concept_female
maret,Concept_female
marg,Concept_female
marga,Concept_female
margaret,Concept_female
margareta,Concept_female
margarete,Concept_female
margaretha,Concept_female
margarethe,Concept_female
margaretta,Concept_female
margarette,Concept_female
margarita,Concept_female
margaux,Concept_female
marge,Concept_female
margery,Concept_female
marget,Concept_female
margie,Concept_female
margit,Concept_female
margo,Concept_female
margot,Concept_female
margret,Concept_female
marguerite,Concept_female
margy,Concept_female
mari,Concept_female
maria,Concept_female
mariam,Concept_female
marian,Concept_female
mariana,Concept_female
marianna,Concept_female
marianne,Concept_female
marie,Concept_female
mariel,Concept_female
marielle,Concept_female
marietta,Concept_female
mariette,Concept_female
marija,Concept_female
marika,Concept_female
marilla,Concept_female
marino,Concept_male
mario,Concept_male
maris,Concept_female
marisa,Concept_female
mariska,Concept_female
marissa,Concept_female
marit,Concept_female
marita,Concept_female
marius,Concept_male
marja,Concept_female
marjorie,Concept_female
marjory,Concept_female
mark,Concept_male
marko,Concept_male
markos,Concept_male
markus,Concept_male
marley,Concept_female
marline,Concept_female
marna,Concept_female
marni,Concept_female
marnie,Concept_female
mars,Concept_male
mart,Concept_male
marta,Concept_female
marten,Concept_male
martha,Concept_female
marthe,Concept_female
martin,Concept_male
martina,Concept_female
martine,Concept_female
martino,Concept_male
martinus,Concept_male
martyn,Concept_male
marv,Concept_male
marvin,Concept_male
marx,Concept_female
mary,Concept_female
marya,Concept_female
maryann,Concept_female
maryanne,Concept_female
maryland,Concept_female
masha,Concept_female
mason,Concept_male
massimo,Concept_male
mateo,Concept_male
mathew,Concept_male
mathias,Concept_male
mathilda,Concept_female
mathilde,Concept_female
matias,Concept_male
matilda,Concept_female
matilde,Concept_female
matt,Concept_male
matteo,Concept_male
matthew,Concept_male
matthias,Concept_male
matthieu,Concept_male
matti,Concept_male
mattie,Concept_female
matty,Concept_male
maud,Concept_female
maude,Concept_female
maudie,Concept_female
maura,Concept_female
maureen,Concept_female
maurice,Concept_male
mauricio,Concept_male
maurita,Concept_female
maury,Concept_male
maven,Concept_female
mavis,Concept_female
max,Concept_male
maxim,Concept_male
maximilian,Concept_male
maximilien,Concept_male
maxine,Concept_female
maxwell,Concept_male
maya,Concept_female
maybelle,Concept_female
maye,Concept_female
mayme,Concept_female
maynard,Concept_male
mazin,Concept_male
mcarthur,Concept_male
mckenzie,Concept_female
mckinley,Concept_male
medea,Concept_female
medina,Concept_female
meg,Concept_female
megan,Concept_female
mehmet,Concept_male
mei,Concept_female
meir,Concept_male
meira,Concept_female
mel,Concept_male
melania,Concept_female
melanie,Concept_female
melba,Concept_female
melia,Concept_female
melina,Concept_female
melinda,Concept_female
melisande,Concept_female
melissa,Concept_female
melita,Concept_female
melitta,Concept_female
melodie,Concept_female
melton,Concept_male
melvyn,Concept_male
men,Concept_male
menahem,Concept_male
mendel,Concept_male
menfolk,Concept_male
menfolks,Concept_male
menfolkses,Concept_male
meno,Concept_male
mer,Concept_male
mercedes,Concept_female
meredith,Concept_female
meridith,Concept_female
meriel,Concept_female
merissa,Concept_female
merl,Concept_male
merlin,Concept_male
merrie,Concept_female
merritt,Concept_male
merton,Concept_male
mervin,Concept_male
messieur,Concept_male
messieurs,Concept_male
meta,Concept_female
micaela,Concept_female
michael,Concept_male
michail,Concept_male
michelangelo,Concept_male
michele,Concept_female
micheline,Concept_female
michell,Concept_female
michelle,Concept_female
mick,Concept_male
mickie,Concept_female
micky,Concept_male
mignon,Concept_female
miguel,Concept_male
mikael,Concept_male
mike,Concept_male
mikel,Concept_male
mikhail,Concept_male
milan,Concept_male
mildred,Concept_female
milford,Concept_male
milka,Concept_female
millard,Concept_male
milli,Concept_female
millicent,Concept_female
millie,Concept_female
millo,Concept_male
milly,Concept_female
milne,Concept_female
milo,Concept_male
milt,Concept_male
milton,Concept_male
mimi,Concept_female
mina,Concept_female
minerva,Concept_female
minette,Concept_female
minna,Concept_female
minni,Concept_female
minnie,Concept_female
mira,Concept_female
mirabelle,Concept_female
miranda,Concept_female
mireille,Concept_female
mirelle,Concept_female
miriam,Concept_female
miro,Concept_male
mischa,Concept_male
miss,Concept_female
misses,Concept_female
missy,Concept_female
mister,Concept_male
misters,Concept_male
misti,Concept_female
mitch,Concept_male
mitchel,Concept_male
mitra,Concept_female
moammar,Concept_male
modesta,Concept_female
modestine,Concept_female
moe,Concept_female
mohamad,Concept_male
mohamed,Concept_male
mohammad,Concept_male
mohammed,Concept_male
mohan,Concept_male
moina,Concept_female
moira,Concept_female
moise,Concept_male
moises,Concept_male
mollie,Concept_female
molly,Concept_female
mona,Concept_female
monah,Concept_female
monica,Concept_female
monique,Concept_female
monroe,Concept_male
monsieur,Concept_male
monsignor,Concept_male
monsignore,Concept_male
monsignori,Concept_male
monsignors,Concept_male
monte,Concept_male
montgomery,Concept_male
monty,Concept_male
moqtada,Concept_male
mora,Concept_female
mordecai,Concept_male
morena,Concept_female
morgana,Concept_female
moritz,Concept_male
morna,Concept_female
morris,Concept_male
morrison,Concept_male
mort,Concept_male
morten,Concept_male
mortimer,Concept_male
morton,Concept_male
mose,Concept_male
moses,Concept_male
moshe,Concept_male
mother,Concept_female
mothered,Concept_female
motherhood,Concept_female
motherhoods,Concept_female
mothering,Concept_female
motherland,Concept_female
motherlands,Concept_female
motherless,Concept_female
motherly,Concept_female
moya,Concept_female
mr,Concept_male
mrs,Concept_female
ms,Concept_female
muhammad,Concept_male
muire,Concept_female
munro,Concept_male
murat,Concept_male
murdoch,Concept_male
muriel,Concept_female
murphy,Concept_male
murray,Concept_male
musa,Concept_male
mustafa,Concept_male
mustapha,Concept_male
mycroft,Concept_male
myles,Concept_male
myra,Concept_female
myriam,Concept_female
myrna,Concept_female
myron,Concept_male
myrtle,Concept_female
mysie,Concept_female
naaman,Concept_male
nada,Concept_female
nadan,Concept_male
nadine,Concept_female
nadya,Concept_female
nahum,Concept_male
nairi,Concept_female
nan,Concept_female
nana,Concept_female
nanci,Concept_female
nancy,Concept_female
nanette,Concept_female
nani,Concept_female
nannette,Concept_female
nannie,Concept_female
nanny,Concept_female
naomi,Concept_female
napoleon,Concept_male
nara,Concept_female
nari,Concept_female
nat,Concept_male
nata,Concept_female
natale,Concept_male
natalia,Concept_female
natalie,Concept_female
natalya,Concept_female
natasha,Concept_female
nathalie,Concept_female
nathan,Concept_male
nathanael,Concept_male
nathanial,Concept_male
nathaniel,Concept_male
nato,Concept_female
neal,Concept_male
neale,Concept_male
ned,Concept_male
neda,Concept_female
nedda,Concept_female
neel,Concept_female
neely,Concept_female
nehemiah,Concept_male
neil,Concept_male
nelia,Concept_female
nelie,Concept_female
nell,Concept_female
nelle,Concept_female
nelli,Concept_female
nellie,Concept_female
nelly,Concept_female
nels,Concept_male
nelson,Concept_male
nena,Concept_female
nephew,Concept_male
nephews,Concept_male
nerissa,Concept_female
nessa,Concept_female
nesta,Concept_female
nestor,Concept_male
netta,Concept_female
nettie,Concept_female
netty,Concept_female
nevada,Concept_female
neve,Concept_female
nevil,Concept_male
neville,Concept_male
nevin,Concept_female
newell,Concept_male
newton,Concept_male
niall,Concept_male
nicanor,Concept_male
nicasio,Concept_male
nichol,Concept_female
nicholas,Concept_male
nichole,Concept_female
nick,Concept_male
nickie,Concept_female
nickolas,Concept_male
nico,Concept_male
nicol,Concept_female
nicolai,Concept_male
nicolas,Concept_male
nicole,Concept_female
nicolette,Concept_female
nicoline,Concept_female
nicolle,Concept_female
nicomedes,Concept_male
niece,Concept_female
nieces,Concept_female
niels,Concept_male
nigel,Concept_male
niki,Concept_female
nikita,Concept_female
nikki,Concept_female
nikolai,Concept_male
nil,Concept_female
nils,Concept_male
nimrod,Concept_male
nina,Concept_female
ninette,Concept_female
ninon,Concept_female
nirvana,Concept_female
nisa,Concept_female
nisse,Concept_male
nita,Concept_female
noach,Concept_male
noah,Concept_male
noemi,Concept_female
nola,Concept_female
nolan,Concept_male
nomi,Concept_female
nona,Concept_female
nonna,Concept_female
nora,Concept_female
norah,Concept_female
norbert,Concept_male
noreen,Concept_female
norina,Concept_female
norma,Concept_female
normand,Concept_male
norris,Concept_male
norton,Concept_male
norwood,Concept_male
numa,Concept_female
nuno,Concept_male
nunzio,Concept_male
nydia,Concept_female
nye,Concept_male
obie,Concept_male
octavia,Concept_female
odessa,Concept_female
odette,Concept_female
odilia,Concept_female
odille,Concept_female
odo,Concept_male
olaf,Concept_male
olalla,Concept_female
ole,Concept_male
oleg,Concept_male
olga,Concept_female
olia,Concept_female
olimpia,Concept_female
olin,Concept_male
oliver,Concept_male
olivette,Concept_female
olivia,Concept_female
olivier,Concept_male
olle,Concept_male
olwen,Concept_female
olympe,Concept_female
olympia,Concept_female
omar,Concept_male
omer,Concept_male
omri,Concept_male
ona,Concept_female
onan,Concept_male
oneida,Concept_female
oona,Concept_female
opal,Concept_female
ophelia,Concept_female
ophir,Concept_male
ora,Concept_female
oran,Concept_male
orazio,Concept_male
oren,Concept_male
oreste,Concept_male
oriana,Concept_female
orin,Concept_male
orion,Concept_male
orlando,Concept_male
orly,Concept_female
ormond,Concept_male
orrin,Concept_male
orsino,Concept_male
orsola,Concept_female
orson,Concept_male
orville,Concept_male
oscar,Concept_male
oskar,Concept_male
osman,Concept_male
osmund,Concept_male
oswald,Concept_male
othello,Concept_male
othniel,Concept_male
otho,Concept_male
otis,Concept_male
ottaviano,Concept_male
ottilia,Concept_female
ottilie,Concept_female
otto,Concept_male
owen,Concept_male
oz,Concept_male
ozell,Concept_female
ozzy,Concept_male
pablo,Concept_male
pacifica,Concept_female
paco,Concept_male
paddy,Concept_male
paige,Concept_female
palmer,Concept_male
paloma,Concept_female
pam,Concept_female
pamela,Concept_female
pamella,Concept_female
pandora,Concept_female
pansy,Concept_female
paola,Concept_female
paolina,Concept_female
paolo,Concept_male
parker,Concept_male
pascal,Concept_male
pascale,Concept_female
pasha,Concept_male
pasquale,Concept_male
patric,Concept_male
patrica,Concept_female
patricia,Concept_female
patricio,Concept_male
patrick,Concept_male
patrik,Concept_male
patrizia,Concept_female
patsy,Concept_female
patti,Concept_female
pattie,Concept_female
patty,Concept_female
paul,Concept_male
paula,Concept_female
paule,Concept_female
paulette,Concept_female
pauli,Concept_male
paulina,Concept_female
pauline,Concept_female
paulo,Concept_male
paulus,Concept_male
pavel,Concept_male
pearce,Concept_male
pearl,Concept_female
pearle,Concept_female
pearlie,Concept_female
pedro,Concept_male
peggie,Concept_female
peggy,Concept_female
pembroke,Concept_male
penelope,Concept_female
penni,Concept_female
pennie,Concept_female
penny,Concept_female
pepe,Concept_male
pepita,Concept_female
peppina,Concept_female
pera,Concept_female
perceval,Concept_male
percival,Concept_male
percy,Concept_male
pere,Concept_male
peregrine,Concept_male
perla,Concept_female
perle,Concept_female
perrine,Concept_female
pervez,Concept_male
perviz,Concept_male
peta,Concept_female
pete,Concept_male
peter,Concept_male
petr,Concept_male
petra,Concept_female
petri,Concept_male
petrie,Concept_female
petrina,Concept_female
petronella,Concept_female
petronilla,Concept_female
petrus,Concept_male
phaedra,Concept_female
phebe,Concept_female
phil,Concept_male
philemon,Concept_male
philibert,Concept_male
philip,Concept_male
philippa,Concept_female
philippe,Concept_male
philippine,Concept_female
phillip,Concept_male
phillipp,Concept_male
phillis,Concept_female
philomena,Concept_female
phoebe,Concept_female
phyllis,Concept_female
pia,Concept_female
piero,Concept_male
pierre,Concept_male
pierrette,Concept_female
pieta,Concept_female
pieter,Concept_male
pietra,Concept_female
pietro,Concept_male
pilar,Concept_female
pinto,Concept_male
piper,Concept_female
pippa,Concept_female
pius,Concept_male
pol,Concept_male
polly,Concept_female
polo,Concept_male
pompeo,Concept_male
pontus,Concept_male
pope,Concept_male
popes,Concept_male
portia,Concept_female
poseidon,Concept_male
poul,Concept_male
powell,Concept_male
prasad,Concept_male
preciosa,Concept_female
preston,Concept_male
priestess,Concept_female
priestesses,Concept_female
prince,Concept_male
princedom,Concept_male
princedoms,Concept_male
princehood,Concept_male
princeless,Concept_male
princelet,Concept_male
princelier,Concept_male
princeliest,Concept_male
princelike,Concept_male
princeling,Concept_male
princelings,Concept_male
princely,Concept_male
princes,Concept_male
princess,Concept_female
princesse,Concept_female
princesses,Concept_female
prisca,Concept_female
priscilla,Concept_female
procopio,Concept_male
prospero,Concept_male
prudencia,Concept_female
pulcheria,Concept_female
queen,Concept_female
queendom,Concept_female
queened,Concept_female
queenhood,Concept_female
queenie,Concept_female
queening,Concept_female
queenless,Concept_female
queenlier,Concept_female
queenliest,Concept_female
queenliness,Concept_female
queenly,Concept_female
queens,Concept_female
quentin,Concept_male
quincy,Concept_male
quinta,Concept_female
quintin,Concept_male
quintus,Concept_male
rab,Concept_male
rabbi,Concept_male
rabi,Concept_male
rachael,Concept_female
rachel,Concept_female
rachela,Concept_female
radu,Concept_male
rae,Concept_female
rafael,Concept_male
rafaela,Concept_female
raffaello,Concept_male
ragnar,Concept_male
ragnhild,Concept_female
raguel,Concept_female
rahel,Concept_female
raimonda,Concept_female
raimund,Concept_male
raina,Concept_female
raine,Concept_male
rainer,Concept_male
rajah,Concept_male
rajkumar,Concept_male
raleigh,Concept_male
ralf,Concept_male
ralph,Concept_male
ramon,Concept_male
ramona,Concept_female
ramsay,Concept_male
ramsey,Concept_male
ramy,Concept_male
randa,Concept_female
randal,Concept_male
randall,Concept_male
randell,Concept_male
randi,Concept_female
randolf,Concept_male
randolph,Concept_male
ranee,Concept_female
rani,Concept_female
rania,Concept_female
raoul,Concept_male
raphael,Concept_male
raquel,Concept_female
raschid,Concept_male
rashid,Concept_male
raul,Concept_male
raye,Concept_female
raymond,Concept_male
raymund,Concept_male
raymundo,Concept_male
raynard,Concept_male
rea,Concept_female
reagan,Concept_female
reba,Concept_female
rebecca,Concept_female
rebecka,Concept_female
rebekah,Concept_female
redmond,Concept_male
reece,Concept_male
reed,Concept_male
reena,Concept_female
reeve,Concept_male
reg,Concept_male
regan,Concept_female
reggie,Concept_male
regina,Concept_female
reginald,Concept_male
regine,Concept_female
regis,Concept_male
reid,Concept_male
reina,Concept_female
reinaldo,Concept_male
reinhard,Concept_male
reinhold,Concept_male
reinwald,Concept_male
rem,Concept_male
remigius,Concept_male
remington,Concept_male
remus,Concept_male
remy,Concept_male
rena,Concept_female
renaldo,Concept_male
renan,Concept_female
renata,Concept_female
renato,Concept_male
renaud,Concept_male
renee,Concept_female
renelle,Concept_female
reno,Concept_male
reuben,Concept_male
rex,Concept_male
reyna,Concept_female
reynold,Concept_male
rhea,Concept_female
rhett,Concept_male
rhoda,Concept_female
rhonda,Concept_female
rica,Concept_female
ricard,Concept_male
ricardo,Concept_male
ricca,Concept_female
riccardo,Concept_male
richard,Concept_male
richarda,Concept_female
richie,Concept_male
rick,Concept_male
rickard,Concept_male
rickey,Concept_male
ricky,Concept_male
rico,Concept_male
ridley,Concept_male
rik,Concept_male
riki,Concept_female
rikki,Concept_female
riley,Concept_male
rina,Concept_female
rinaldo,Concept_male
risa,Concept_female
rissa,Concept_female
rita,Concept_female
ritchie,Concept_male
riva,Concept_female
rivi,Concept_female
rob,Concept_male
robb,Concept_male
robbert,Concept_male
robby,Concept_male
robena,Concept_female
robert,Concept_male
roberta,Concept_female
roberto,Concept_male
roberts,Concept_male
robertson,Concept_male
robina,Concept_female
roby,Concept_male
robyn,Concept_female
rocca,Concept_female
roch,Concept_male
rochell,Concept_female
rochelle,Concept_female
rockford,Concept_male
rodd,Concept_male
roddy,Concept_male
roderic,Concept_male
roderick,Concept_male
rodger,Concept_male
rodman,Concept_male
rodney,Concept_male
rodolfo,Concept_male
rodolphe,Concept_male
rodrigo,Concept_male
roger,Concept_male
roland,Concept_male
rolando,Concept_male
rolf,Concept_male
rolland,Concept_male
rollin,Concept_male
rollo,Concept_male
rolph,Concept_male
romain,Concept_male
romaine,Concept_female
romano,Concept_male
romeo,Concept_male
romero,Concept_male
romney,Concept_male
romola,Concept_female
romulus,Concept_male
ron,Concept_male
rona,Concept_female
ronald,Concept_male
ronda,Concept_female
ronni,Concept_female
ronny,Concept_male
roosevelt,Concept_male
rorie,Concept_male
ros,Concept_female
rosa,Concept_female
rosabelle,Concept_female
rosalee,Concept_female
rosalia,Concept_female
rosalie,Concept_female
rosalind,Concept_female
rosalinda,Concept_female
rosalinde,Concept_female
rosaline,Concept_female
rosalyn,Concept_female
rosamond,Concept_female
rosamund,Concept_female
rosanna,Concept_female
rosanne,Concept_female
rosario,Concept_female
roscoe,Concept_male
rose,Concept_female
rosel,Concept_female
roselia,Concept_female
roseline,Concept_female
rosella,Concept_female
roselle,Concept_female
rosemary,Concept_female
rosemonde,Concept_female
rosen,Concept_male
rosetta,Concept_female
rosette,Concept_female
rosie,Concept_female
rosina,Concept_female
rosita,Concept_female
roslyn,Concept_female
rosmunda,Concept_female
ross,Concept_male
rowena,Concept_female
rowland,Concept_male
roxana,Concept_female
roxandra,Concept_female
roxane,Concept_female
roxanna,Concept_female
roxy,Concept_female
ruben,Concept_male
rubi,Concept_female
rubie,Concept_female
rubin,Concept_male
rubina,Concept_female
ruby,Concept_female
rudolf,Concept_male
rudolph,Concept_male
rufus,Concept_male
rupert,Concept_male
russ,Concept_male
russel,Concept_male
rutger,Concept_male
ruth,Concept_female
ruthie,Concept_female
ruthy,Concept_female
saad,Concept_male
saadi,Concept_male
saba,Concept_female
sabina,Concept_female
sabine,Concept_female
sabra,Concept_female
sabrina,Concept_female
sacha,Concept_female
sada,Concept_female
sadie,Concept_female
sadik,Concept_male
sagar,Concept_male
sagara,Concept_male
sahib,Concept_male
sal,Concept_male
saleh,Concept_male
salem,Concept_male
salim,Concept_male
salina,Concept_female
salle,Concept_female
salli,Concept_female
sallie,Concept_female
sally,Concept_female
salman,Concept_male
salome,Concept_female
salomon,Concept_male
salvador,Concept_male
salvatore,Concept_male
samantha,Concept_female
samara,Concept_female
samas,Concept_male
samson,Concept_male
samuel,Concept_male
samuela,Concept_female
samuele,Concept_male
san,Concept_male
sancho,Concept_male
sander,Concept_male
sandie,Concept_female
sandra,Concept_female
sandro,Concept_male
sanford,Concept_male
santa,Concept_female
santiago,Concept_male
santo,Concept_male
sara,Concept_female
sarah,Concept_female
sarai,Concept_female
sari,Concept_female
sarkis,Concept_male
sasha,Concept_female
saul,Concept_male
savannah,Concept_female
savina,Concept_female
sawyer,Concept_male
sayer,Concept_male
scarlett,Concept_female
schuyler,Concept_male
scot,Concept_male
scott,Concept_male
scotty,Concept_male
sebastian,Concept_male
sebastiano,Concept_male
sebastien,Concept_male
secunda,Concept_female
seddiq,Concept_male
seka,Concept_female
selena,Concept_female
selene,Concept_female
selim,Concept_male
selina,Concept_female
selma,Concept_female
selwyn,Concept_male
semira,Concept_female
semyon,Concept_male
sen,Concept_male
sena,Concept_female
seneca,Concept_male
senor,Concept_male
senora,Concept_female
senoras,Concept_female
senores,Concept_male
senorita,Concept_female
senoritas,Concept_female
senors,Concept_male
serafima,Concept_female
serena,Concept_female
serge,Concept_male
sergei,Concept_male
sergey,Concept_male
sergio,Concept_male
sergius,Concept_male
servan,Concept_male
servatius,Concept_male
seth,Concept_male
sey,Concept_female
seymour,Concept_male
shalom,Concept_male
shammai,Concept_male
shana,Concept_female
shanna,Concept_female
shaquille,Concept_male
shara,Concept_female
shari,Concept_female
sharon,Concept_female
shasta,Concept_female
shaul,Concept_male
shawnee,Concept_female
she,Concept_female
shea,Concept_female
sheba,Concept_female
sheela,Concept_female
sheena,Concept_female
sheffield,Concept_male
sheila,Concept_female
shel,Concept_male
sheldon,Concept_male
shelley,Concept_female
shelly,Concept_female
shelton,Concept_male
shere,Concept_female
sheri,Concept_female
sherlock,Concept_male
sherman,Concept_male
sherrie,Concept_female
sherry,Concept_female
sherwood,Concept_male
shiloh,Concept_female
shinar,Concept_female
shira,Concept_female
sholom,Concept_male
shushan,Concept_female
sibilla,Concept_female
sibyl,Concept_female
sibylla,Concept_female
sibylle,Concept_female
sid,Concept_male
sidonia,Concept_female
sidonius,Concept_male
siegfried,Concept_male
siegmund,Concept_male
sierra,Concept_female
sig,Concept_female
sigfrid,Concept_male
sigfried,Concept_male
sigmund,Concept_male
silas,Concept_male
sile,Concept_male
silva,Concept_female
silvain,Concept_male
silvan,Concept_male
silvana,Concept_female
silvano,Concept_male
silvester,Concept_male
silvia,Concept_female
silvie,Concept_female
silvio,Concept_male
simeon,Concept_male
simon,Concept_male
simona,Concept_female
simonetta,Concept_female
simonne,Concept_female
sinclair,Concept_male
sion,Concept_male
sir,Concept_male
sire,Concept_male
sissy,Concept_female
sister,Concept_female
sita,Concept_female
sivert,Concept_male
skell,Concept_male
sofia,Concept_female
solange,Concept_female
solomon,Concept_male
son,Concept_male
sonia,Concept_female
sonless,Concept_male
sonlike,Concept_male
sonnie,Concept_male
sonny,Concept_male
sons,Concept_male
sonya,Concept_female
sophia,Concept_female
sophie,Concept_female
sophy,Concept_female
spencer,Concept_male
spenser,Concept_male
spiro,Concept_male
sra,Concept_female
stacey,Concept_female
stacia,Concept_female
stacie,Concept_female
stacy,Concept_female
stafford,Concept_male
stan,Concept_male
stanford,Concept_male
stanislao,Concept_male
stanislas,Concept_male
stanislaw,Concept_male
stanislovas,Concept_male
stanley,Concept_male
stanton,Concept_male
starr,Concept_female
stefan,Concept_male
stefano,Concept_male
steffen,Concept_male
stein,Concept_male
stella,Concept_female
stepan,Concept_male
stephan,Concept_male
stephani,Concept_female
stephanie,Concept_female
stephanus,Concept_male
stephen,Concept_male
stephenie,Concept_female
sterling,Concept_male
steve,Concept_male
steven,Concept_male
stewart,Concept_male
steyn,Concept_male
stig,Concept_male
stirling,Concept_male
stratton,Concept_male
stu,Concept_male
stuart,Concept_male
sue,Concept_female
suellen,Concept_female
sulaiman,Concept_male
suleiman,Concept_male
suleyman,Concept_male
sullivan,Concept_male
sunanda,Concept_female
sunday,Concept_female
sura,Concept_female
susan,Concept_female
susana,Concept_female
susanna,Concept_female
susannah,Concept_female
susanne,Concept_female
susette,Concept_female
susi,Concept_female
susie,Concept_female
susy,Concept_female
sutherland,Concept_male
suzanne,Concept_female
suzette,Concept_female
suzi,Concept_female
sven,Concept_male
swen,Concept_male
sybil,Concept_female
sybilla,Concept_female
sybille,Concept_female
syd,Concept_male
sylva,Concept_female
sylvester,Concept_male
sylvia,Concept_female
sylvie,Concept_female
symeon,Concept_male
syria,Concept_female
tabitha,Concept_female
tad,Concept_male
taddeo,Concept_male
tae,Concept_female
takayasu,Concept_male
talbot,Concept_male
talia,Concept_female
taliesin,Concept_male
talma,Concept_female
talmon,Concept_male
tamar,Concept_female
tamara,Concept_female
tamas,Concept_male
tamera,Concept_female
tamiko,Concept_female
tammi,Concept_female
tammie,Concept_female
tammy,Concept_female
tamsin,Concept_female
tana,Concept_female
tancredi,Concept_male
tandy,Concept_female
tania,Concept_female
tanya,Concept_female
tao,Concept_female
tara,Concept_female
tarah,Concept_female
tarquin,Concept_male
tarra,Concept_female
tarrant,Concept_male
tasso,Concept_male
tatiana,Concept_female
tatum,Concept_female
tatyana,Concept_female
tauris,Concept_male
taurus,Concept_male
ted,Concept_male
tedd,Concept_male
teddy,Concept_male
teena,Concept_female
teodora,Concept_female
teodorico,Concept_male
teodoro,Concept_male
tera,Concept_female
terence,Concept_male
teresa,Concept_female
terese,Concept_female
teresina,Concept_female
teresita,Concept_female
terra,Concept_female
terrance,Concept_male
terrence,Concept_male
terri,Concept_female
terrill,Concept_male
terza,Concept_female
tess,Concept_female
tessa,Concept_female
tessie,Concept_female
tessy,Concept_female
thad,Concept_male
thaddeus,Concept_male
thalia,Concept_female
thea,Concept_female
theda,Concept_female
thekla,Concept_female
thelma,Concept_female
themis,Concept_male
theo,Concept_male
theobald,Concept_male
theodor,Concept_male
theodora,Concept_female
theodore,Concept_male
theodosia,Concept_female
theophilus,Concept_male
theresa,Concept_female
therese,Concept_female
theron,Concept_male
thibaud,Concept_male
thibaut,Concept_male
thom,Concept_male
thomas,Concept_male
thomasina,Concept_female
thomasine,Concept_female
thor,Concept_male
thorstein,Concept_male
thorvald,Concept_male
thurid,Concept_female
thurman,Concept_male
tia,Concept_female
tiberius,Concept_male
tiburcio,Concept_male
tiffany,Concept_female
tilda,Concept_female
tillie,Concept_female
tilly,Concept_female
tim,Concept_male
timi,Concept_female
timmie,Concept_male
timmy,Concept_male
timon,Concept_male
timotheus,Concept_male
timothy,Concept_male
timur,Concept_male
tina,Concept_female
tiphanie,Concept_female
tirzah,Concept_female
tish,Concept_female
tito,Concept_male
titus,Concept_male
tobe,Concept_male
tobias,Concept_male
tobin,Concept_male
tod,Concept_male
todd,Concept_male
togo,Concept_female
toko,Concept_female
tom,Concept_male
tomas,Concept_male
tomasina,Concept_female
tomaso,Concept_male
tome,Concept_male
tomiko,Concept_female
tonia,Concept_female
tonie,Concept_female
tonin,Concept_male
tonnie,Concept_female
tonya,Concept_female
tori,Concept_female
torin,Concept_male
toros,Concept_male
torrance,Concept_male
torrence,Concept_male
toru,Concept_male
tosca,Concept_female
toussaint,Concept_male
tova,Concept_female
trajan,Concept_male
tre,Concept_male
tremaine,Concept_male
tremayne,Concept_male
trent,Concept_male
trenton,Concept_male
tressa,Concept_female
trevor,Concept_male
trey,Concept_male
tricia,Concept_female
trina,Concept_female
trista,Concept_female
tristram,Concept_male
trix,Concept_female
trixie,Concept_female
trude,Concept_female
trudel,Concept_female
trudie,Concept_female
trula,Concept_female
truman,Concept_male
tsar,Concept_male
tsars,Concept_male
tucker,Concept_male
tudor,Concept_male
turner,Concept_male
ty,Concept_male
tycho,Concept_male
tyrell,Concept_male
tyrone,Concept_male
tyson,Concept_male
ugo,Concept_male
ula,Concept_female
uli,Concept_male
ulises,Concept_male
ulla,Concept_female
ulric,Concept_male
ulrica,Concept_female
ulrich,Concept_male
ulysses,Concept_male
uma,Concept_female
umberto,Concept_male
una,Concept_female
uncle,Concept_male
uncles,Concept_male
undine,Concept_female
urania,Concept_female
urbain,Concept_male
urbano,Concept_male
urbina,Concept_female
urbino,Concept_male
uri,Concept_male
uriel,Concept_male
urim,Concept_male
ursola,Concept_female
ursula,Concept_female
ursule,Concept_female
ursulina,Concept_female
usama,Concept_male
uta,Concept_female
ute,Concept_female
vader,Concept_male
valdemar,Concept_male
valencia,Concept_female
valentin,Concept_male
valentina,Concept_female
valeria,Concept_female
valerie,Concept_female
valerius,Concept_male
valery,Concept_female
valida,Concept_female
vallie,Concept_female
vally,Concept_female
valma,Concept_female
vance,Concept_male
vanda,Concept_female
vanessa,Concept_female
vania,Concept_female
vanna,Concept_female
vanni,Concept_male
vanya,Concept_female
vasco,Concept_male
vashti,Concept_female
vasili,Concept_male
vasily,Concept_male
vassili,Concept_male
vassily,Concept_male
vaughn,Concept_male
veda,Concept_female
veera,Concept_female
vega,Concept_female
veit,Concept_male
velma,Concept_female
vena,Concept_female
venice,Concept_female
ventura,Concept_male
venus,Concept_female
vera,Concept_female
verdi,Concept_female
verena,Concept_female
vergil,Concept_male
verla,Concept_female
vern,Concept_male
verna,Concept_female
verona,Concept_female
veronica,Concept_female
veronika,Concept_female
veronique,Concept_female
vesta,Concept_female
vi,Concept_female
vicente,Concept_male
vicky,Concept_female
victor,Concept_male
victoria,Concept_female
victoriano,Concept_male
vida,Concept_female
vienna,Concept_female
viktor,Concept_male
vilhelm,Concept_male
vilna,Concept_female
vin,Concept_male
vina,Concept_female
vince,Concept_male
vincent,Concept_male
vincents,Concept_male
vincenzo,Concept_male
vinni,Concept_female
viola,Concept_female
violante,Concept_female
violet,Concept_female
violetta,Concept_female
violette,Concept_female
virgilio,Concept_male
virgina,Concept_female
virginia,Concept_female
virginie,Concept_female
vita,Concept_female
vitalis,Concept_male
vito,Concept_male
vittoria,Concept_female
viva,Concept_female
vivi,Concept_female
vivian,Concept_female
vivien,Concept_female
vivienne,Concept_female
vlad,Concept_male
vladimir,Concept_male
voltaire,Concept_male
von,Concept_male
wagner,Concept_male
waldemar,Concept_male
waldo,Concept_male
walid,Concept_male
wallace,Concept_male
wallis,Concept_male
walt,Concept_male
walter,Concept_male
walther,Concept_male
walton,Concept_male
wanda,Concept_female
warner,Concept_male
warren,Concept_male
warwick,Concept_male
wayland,Concept_male
wayne,Concept_male
webster,Concept_male
wei,Concept_female
weldon,Concept_male
wendel,Concept_male
wendell,Concept_male
wendi,Concept_female
wendy,Concept_female
wenona,Concept_female
wenzel,Concept_male
werner,Concept_male
werther,Concept_male
wes,Concept_male
wesley,Concept_male
wessel,Concept_male
westley,Concept_male
weston,Concept_male
whitley,Concept_female
whitney,Concept_female
wieland,Concept_male
wife,Concept_female
wifehood,Concept_female
wifeless,Concept_female
wifelier,Concept_female
wifeliest,Concept_female
wifelike,Concept_female
wifeliness,Concept_female
wifely,Concept_female
wil,Concept_male
wilber,Concept_male
wilbert,Concept_male
wilbur,Concept_male
wiley,Concept_male
wilfred,Concept_male
wilfrid,Concept_male
wilhelm,Concept_male
wilhelmina,Concept_female
wilhelmine,Concept_female
will,Concept_male
willa,Concept_female
willard,Concept_male
willem,Concept_male
willette,Concept_female
willi,Concept_male
william,Concept_male
williams,Concept_male
willie,Concept_male
willis,Concept_male
willow,Concept_female
willy,Concept_male
wilma,Concept_female
wilmar,Concept_male
wilmer,Concept_male
wilson,Concept_male
wilton,Concept_male
winfield,Concept_male
winfred,Concept_male
winifred,Concept_female
winnie,Concept_female
winnifred,Concept_female
winny,Concept_female
winona,Concept_female
winston,Concept_male
wives,Concept_female
wolff,Concept_male
wolfgang,Concept_male
wolfram,Concept_male
woman,Concept_female
womaned,Concept_female
womanfully,Concept_female
womanhood,Concept_female
womanhoods,Concept_female
womaning,Concept_female
womanish,Concept_female
womanisher,Concept_female
womanishest,Concept_female
womanishly,Concept_female
womanism,Concept_female
womanist,Concept_female
womanity,Concept_female
womankind,Concept_female
womankinds,Concept_female
womanless,Concept_female
womanlier,Concept_female
womanliest,Concept_female
womanlike,Concept_female
womanliness,Concept_female
womanly,Concept_female
womanness,Concept_female
womans,Concept_female
womb,Concept_female
women,Concept_female
womenfolk,Concept_female
womenfolks,Concept_female
woodrow,Concept_male
wren,Concept_male
wyatt,Concept_male
wylie,Concept_male
wyman,Concept_male
wyndham,Concept_male
wynne,Concept_female
xavier,Concept_male
xenia,Concept_female
xenophon,Concept_male
yacob,Concept_male
yahya,Concept_male
yama,Concept_male
yassir,Concept_male
yazid,Concept_male
yechiel,Concept_male
yegor,Concept_male
yenta,Concept_female
yerucham,Concept_male
yetta,Concept_female
ying,Concept_female
yoko,Concept_female
yolanda,Concept_female
yolande,Concept_female
yoshi,Concept_male
yousuf,Concept_male
yu,Concept_female
yulka,Concept_female
yves,Concept_male
yvette,Concept_female
yvonne,Concept_female
zach,Concept_male
zacharia,Concept_male
zachariah,Concept_male
zacharias,Concept_male
zachary,Concept_male
zack,Concept_male
zahara,Concept_female
zaid,Concept_male
zak,Concept_male
zalman,Concept_male
zara,Concept_female
zarah,Concept_female
zechariah,Concept_male
zed,Concept_male
zeke,Concept_male
zelda,Concept_female
zelig,Concept_male
zena,Concept_female
zenaida,Concept_female
zenia,Concept_female
zeno,Concept_male
zenobia,Concept_female
zia,Concept_male
ziba,Concept_female
zina,Concept_female
zineb,Concept_female
zion,Concept_male
zita,Concept_female
zoe,Concept_female
zohar,Concept_male
zola,Concept_female
zora,Concept_female
zoraida,Concept_female
zoran,Concept_male
zulema,Concept_female
